date,cadmium,copper,iron,manganese,nickel,lead,selenium,zinc,sulfate,total_nitrate,organic_carbon,elemental_carbon,pm2.5
2001-06-22T00:00:00.000000,0.001448,0.000827,0.0089,0.000287,0.00015,0.000923,0.001939,0.009416,0.162969,1.842136,2.639057,1.150572,5.547518
2001-06-22T01:00:00.000000,0.000969,0.000917,0.033918,0.000637,0.001159,0.001309,0.001849,0.010445,0.179818,1.842136,2.639057,1.150572,5.83773
2001-06-22T02:00:00.000000,0.000789,0.000867,0.01264,0.000457,0.001039,0.001159,0.002029,0.007532,0.211071,1.842136,2.639057,1.150572,5.547518
2001-06-22T03:00:00.000000,0.000789,0.000937,0.052308,0.001489,0.001029,0.002766,0.001849,0.01094,2.525729,1.842136,2.639057,1.150572,5.641198
2001-06-22T04:00:00.000000,0.000669,0.000907,0.012047,0.001069,0.00098,0.002497,0.001759,0.007671,2.525729,1.842136,2.639057,1.150572,5.566052
2001-06-22T05:00:00.000000,0.000879,0.000587,0.004968,0.000257,0.00064,0.000983,0.00125,0.00449,2.525729,1.842136,2.639057,1.150572,5.001258
2001-06-22T06:00:00.000000,0.000519,0.000657,0.005714,0.000197,0.00079,0.000733,0.00152,0.003514,2.525729,1.842136,2.639057,1.150572,4.908233
2001-06-22T07:00:00.000000,0.000969,0.000577,0.004759,0.000207,0.00077,0.000683,0.00146,0.003155,0.311154,1.842136,2.639057,1.150572,4.815431
2001-06-22T08:00:00.000000,0.000549,0.000607,0.005266,0.000187,0.00077,0.000603,0.002059,0.003344,0.272315,1.842136,2.639057,1.150572,5.001258
2001-06-22T11:00:00.000000,0.000429,0.000587,0.00449,0.000157,0.00069,0.000583,0.00101,0.003285,0.358374,1.842136,2.639057,1.150572,5.040841
2001-06-22T12:00:00.000000,0.000459,0.000567,0.004818,0.000177,0.00072,0.000713,0.00104,0.003055,0.425268,1.842136,2.639057,1.150572,5.268889
2001-06-22T13:00:00.000000,0.000459,0.000567,0.004789,0.000177,0.00074,0.000693,0.0011,0.003295,0.457425,1.842136,2.639057,1.150572,5.218191
2001-06-22T14:00:00.000000,0.001028,0.000892,0.005027,0.000237,0.00015,0.000553,0.00146,0.003225,0.444686,1.842136,2.639057,1.150572,5.150977
2001-06-22T15:00:00.000000,0.000399,0.000547,0.005475,0.000167,0.00068,0.000483,0.00116,0.003404,0.416075,1.842136,2.639057,1.150572,5.157905
2001-06-22T16:00:00.000000,0.000639,0.000567,0.003384,0.000187,0.00073,0.000453,0.00119,0.003484,0.335043,1.842136,0.498955,0.348542,5.150977
2001-06-22T17:00:00.000000,0.000489,0.000567,0.007948,0.000217,0.00083,0.000633,0.0014,0.003075,0.297137,1.842136,0.629675,0.474369,5.357529
2001-06-22T18:00:00.000000,0.000669,0.000667,0.005147,0.000237,0.00091,0.001059,0.0014,0.003364,0.3257,1.842136,0.602675,0.348542,5.523858
2001-06-22T19:00:00.000000,0.001238,0.000647,0.007264,0.000267,0.00095,0.000773,0.002328,0.003324,0.398105,1.842136,0.67651,0.474369,5.653892
2001-06-22T20:00:00.000000,0.000609,0.000907,0.008633,0.000267,0.001059,0.000643,0.00143,0.004191,0.432432,1.842136,0.608134,0.436318,5.610936
2001-06-22T21:00:00.000000,0.000759,0.000657,0.006519,0.000247,0.001099,0.000623,0.001789,0.003424,0.399447,1.842136,0.640274,0.474369,5.575191
2001-06-22T22:00:00.000000,0.000849,0.000597,0.005803,0.000207,0.00094,0.000823,0.00131,0.003992,0.348542,1.842136,0.708036,0.348542,5.983936
2001-06-22T23:00:00.000000,0.000849,0.000667,0.005684,0.000247,0.001069,0.000693,0.002149,0.003384,0.310422,1.842136,1.098612,0.474369,6.672033
2001-06-23T00:00:00.000000,0.0001,0.000707,0.005445,0.000197,0.00099,0.000703,0.001789,0.003115,0.298622,1.842136,1.327075,0.442761,7.034388
2001-06-23T01:00:00.000000,0.001298,0.000637,0.004131,0.000187,0.00015,0.000563,0.00137,0.003225,0.29788,1.842136,1.300192,0.474369,6.836259
2001-06-23T02:00:00.000000,0.000639,0.000687,0.004699,0.000257,0.001019,0.000653,0.0017,0.003225,0.294161,1.842136,1.286474,0.449163,6.886532
2001-06-23T03:00:00.000000,0.001058,0.000677,0.004848,0.000247,0.001029,0.000833,0.00143,0.003753,0.299364,1.842136,1.642873,0.486738,7.158514
2001-06-23T04:00:00.000000,0.000519,0.000892,0.004251,0.000197,0.0008,0.001379,0.00125,0.003813,0.279146,1.842136,0.618962,0.449163,5.615315
2001-06-23T05:00:00.000000,0.000759,0.000892,0.005206,0.000187,0.00082,0.002108,0.00116,0.003544,0.261595,1.842136,0.591668,0.461845,5.317139
2001-06-23T06:00:00.000000,0.000459,0.000567,0.00443,0.000187,0.00076,0.002766,0.00113,0.003584,0.392042,1.842136,0.534737,0.348542,5.624018
2001-06-23T07:00:00.000000,0.000339,0.000527,0.004012,0.000137,0.00049,0.002467,0.00113,0.003504,0.485508,1.842136,0.5579,0.348542,5.459586
2001-06-23T08:00:00.000000,0.000669,0.000567,0.004938,0.000167,0.00065,0.001818,0.000921,0.003464,0.522359,1.842136,0.517006,0.348542,5.504518
2001-06-23T09:00:00.000000,0.000369,0.000557,0.004639,0.000147,0.00061,0.001049,0.000921,0.003444,0.520578,1.842136,0.602675,0.348542,5.423186
2001-06-23T10:00:00.000000,0.000489,0.000557,0.005177,0.000167,0.00061,0.000823,0.000831,0.003853,0.553885,1.842136,0.618962,0.348542,5.368776
2001-06-23T11:00:00.000000,0.000429,0.001828,0.005535,0.000157,0.00015,0.000703,0.00134,0.003384,0.549854,1.842136,0.546386,0.348542,5.363168
2001-06-23T12:00:00.000000,0.000459,0.000567,0.006221,0.000167,0.00059,0.000673,0.00113,0.003414,0.542906,1.842136,0.613563,0.348542,5.407172
2001-06-23T13:00:00.000000,0.000489,0.000557,0.004579,0.000147,0.00056,0.000623,0.000921,0.003215,0.561329,1.842136,0.522952,0.348542,5.538121
2001-06-23T14:00:00.000000,0.000549,0.000557,0.005475,0.000167,0.00065,0.001339,0.00119,0.002996,0.589452,1.842136,2.639057,1.150572,5.624018
2001-06-23T15:00:00.000000,0.000519,0.000577,0.006668,0.000217,0.00078,0.000653,0.002059,0.003514,0.641854,1.842136,0.574927,0.348542,5.755742
2001-06-23T16:00:00.000000,0.000909,0.000607,0.008008,0.000307,0.002038,0.028004,0.008186,0.003882,0.703098,1.842136,2.639057,1.150572,6.021023
2001-06-23T17:00:00.000000,0.000549,0.000737,0.009019,0.000307,0.002038,0.028004,0.008186,0.003643,0.657002,1.842136,0.602675,0.348542,5.820083
2001-06-23T18:00:00.000000,0.000549,0.000597,0.00637,0.000207,0.002038,0.028004,0.008186,0.003504,0.570414,1.842136,2.639057,1.150572,5.846439
2001-06-23T19:00:00.000000,0.000729,0.000607,0.016513,0.000317,0.00086,0.000523,0.00122,0.003564,0.824175,1.842136,0.655964,0.455524,6.070738
2001-06-23T20:00:00.000000,0.000699,0.000627,0.005743,0.000257,0.00078,0.000603,0.00143,0.003045,0.703098,1.842136,0.66114,0.492865,5.872118
2001-06-23T21:00:00.000000,0.001118,0.000627,0.009584,0.000267,0.00089,0.000643,0.00152,0.003344,0.65959,1.842136,0.624333,0.442761,5.991465
2001-06-23T22:00:00.000000,0.000699,0.000587,0.005564,0.000247,0.00015,0.000683,0.00128,0.003005,0.673455,1.842136,0.691646,0.480573,6.070738
2001-06-23T23:00:00.000000,0.000879,0.000607,0.006966,0.000267,0.00015,0.000623,0.00173,0.003025,0.638691,1.842136,0.618962,0.442761,6.056784
2001-06-24T00:00:00.000000,0.000459,0.000567,0.020577,0.000217,0.00015,0.000543,0.00134,0.003474,0.615186,0.010544,0.66629,0.486738,6.111467
2001-06-24T01:00:00.000000,0.000939,0.000577,0.009346,0.000227,0.00015,0.000593,0.00125,0.007849,0.603769,0.068499,0.613563,0.429832,6.212606
2001-06-24T02:00:00.000000,0.001388,0.000627,0.009019,0.000367,0.00015,0.000673,0.00149,0.009445,0.590006,0.085076,0.732368,0.480573,6.304449
2001-06-24T03:00:00.000000,0.000819,0.000697,0.009287,0.000507,0.00096,0.000723,0.00155,0.004988,2.525729,1.842136,0.737164,0.455524,6.270988
2001-06-24T04:00:00.000000,0.000669,0.000657,0.026291,0.000407,0.001079,0.000903,0.002209,0.003972,2.525729,1.842136,0.774727,0.528862,6.2186
2001-06-24T05:00:00.000000,0.000579,0.000777,0.015539,0.000317,0.00085,0.001149,0.00131,0.003773,2.525729,1.842136,0.640274,0.480573,6.163315
2001-06-24T06:00:00.000000,0.000759,0.000937,0.024302,0.000917,0.00082,0.001738,0.001789,0.003922,2.525729,1.842136,0.722706,0.511026,6.224558
2001-06-24T07:00:00.000000,0.000519,0.000907,0.017073,0.001119,0.00064,0.001808,0.00101,0.003853,2.525729,1.842136,0.618962,0.449163,5.998937
2001-06-24T08:00:00.000000,0.000339,0.000697,0.008871,0.000447,0.00049,0.001409,0.0011,0.003205,2.525729,1.842136,0.629675,0.480573,5.649678
2001-06-24T09:00:00.000000,0.00022,0.000697,0.006549,0.000257,0.00034,0.001039,0.000531,0.003025,0.682086,0.033822,0.563608,0.429832,5.70711
2001-06-24T10:00:00.000000,0.000339,0.000667,0.006608,0.000267,0.00015,0.000943,0.000711,0.003115,0.727549,0.007492,0.602675,0.348542,5.774552
2001-06-24T11:00:00.000000,0.000489,0.000737,0.007919,0.000277,0.00045,0.000763,0.000801,0.003265,0.828552,1.842136,0.546386,0.348542,5.703116
2001-06-24T13:00:00.000000,0.000339,0.005743,0.005833,0.000207,0.00015,0.000603,0.000711,0.00448,0.920283,1.842136,0.608134,0.480573,5.905362
2001-06-24T14:00:00.000000,0.000519,0.000587,0.005982,0.000317,0.00015,0.000513,0.000951,0.003025,0.875469,1.842136,0.540579,0.436318,5.83773
2001-06-24T15:00:00.000000,0.0001,0.000577,0.008811,0.000217,0.00015,0.000453,0.000621,0.005942,2.525729,1.842136,0.591668,0.348542,5.703116
2001-06-24T16:00:00.000000,0.00022,0.000617,0.026174,0.000197,0.00034,0.000463,0.000591,0.002976,0.81978,1.842136,0.522952,0.348542,5.736572
2001-06-24T17:00:00.000000,0.0001,0.000557,0.005296,0.000187,0.00015,0.000483,0.000681,0.002986,0.770108,1.842136,0.580538,0.348542,5.695078
2001-06-24T18:00:00.000000,0.0001,0.000587,0.008543,0.000237,0.00015,0.000503,0.000891,0.003235,0.783902,1.842136,0.534737,0.348542,5.765191
2001-06-24T19:00:00.000000,0.0001,0.000617,0.011543,0.000387,0.00015,0.000583,0.00104,0.004211,0.841567,1.842136,0.629675,0.474369,5.897154
2001-06-24T20:00:00.000000,0.000759,0.000607,0.006787,0.000267,0.00015,0.000533,0.00131,0.003085,0.837248,1.842136,0.586119,0.429832,5.968708
2001-06-24T21:00:00.000000,0.0001,0.000627,0.008454,0.000237,0.00077,0.000643,0.00173,0.003025,0.854415,1.842136,0.645531,0.348542,6.013715
2001-06-25T00:00:00.000000,0.000789,0.000567,0.011484,0.000227,0.00076,0.000493,0.00146,0.005942,0.797507,0.004311,0.618962,0.436318,6.124683
2001-06-25T20:00:00.000000,0.0001,0.000617,0.011632,0.000317,0.00015,0.000633,0.00149,0.003165,0.845868,1.842136,0.602675,0.436318,6.028279
2001-06-25T21:00:00.000000,0.0001,0.000817,0.009911,0.000347,0.00015,0.000513,0.001909,0.005942,0.832909,1.842136,0.650761,0.348542,6.070738
2001-06-25T22:00:00.000000,0.000459,0.000557,0.003504,0.000197,0.00015,0.000323,0.000771,0.005942,0.815365,0.030432,0.574927,0.348542,5.983936
2001-06-25T23:00:00.000000,0.000519,0.000597,0.007055,0.000247,0.00015,0.000703,0.00116,0.003085,0.81093,1.842136,0.67651,0.486738,6.163315
2001-06-26T00:00:00.000000,0.000849,0.000617,0.018046,0.000277,0.00094,0.000563,0.00149,0.003025,0.388658,0.065788,0.569283,0.429832,5.976351
2001-06-26T01:00:00.000000,0.000549,0.000677,0.006131,0.000397,0.00077,0.000503,0.00128,0.003115,0.783902,0.02479,0.671413,0.480573,6.265301
2001-06-26T02:00:00.000000,0.000609,0.000597,0.005833,0.000247,0.00083,0.000563,0.00125,0.003005,0.774727,0.065694,0.602675,0.429832,6.287859
2001-06-26T03:00:00.000000,0.0001,0.000697,0.008424,0.000457,0.001009,0.000603,0.001969,0.004251,0.779325,0.108854,0.698135,0.492865,6.212606
2001-06-26T04:00:00.000000,0.000849,0.000617,0.008276,0.000307,0.00093,0.000673,0.00134,0.003364,0.760806,0.164667,0.634988,0.461845,6.124683
2001-06-26T05:00:00.000000,0.0001,0.000727,0.022749,0.000297,0.00015,0.000543,0.00116,0.003145,0.765468,0.093855,0.634988,0.480573,5.905362
2001-06-26T06:00:00.000000,0.0001,0.000892,0.001169,0.000077,0.00015,0.000193,0.00005,0.005942,0.81093,0.010544,0.608134,0.348542,5.820083
2001-06-26T07:00:00.000000,0.000489,0.000607,0.005922,0.000197,0.00042,0.001209,0.000831,0.003145,0.832909,1.842136,0.608134,0.348542,5.632644
2001-06-26T08:00:00.000000,0.00025,0.000587,0.005326,0.000237,0.00038,0.000843,0.000561,0.003015,0.850151,1.842136,0.552159,0.348542,5.726848
2001-06-26T09:00:00.000000,0.000399,0.000617,0.005385,0.000187,0.00015,0.000653,0.000561,0.003005,0.904218,1.842136,0.602675,0.348542,5.783825
2001-06-26T10:00:00.000000,0.000549,0.000667,0.007591,0.000247,0.0005,0.000693,0.000921,0.003853,0.963174,1.842136,0.552159,0.348542,5.872118
2001-06-26T11:00:00.000000,0.000639,0.000577,0.008484,0.000247,0.00054,0.000613,0.00107,0.003354,0.993252,1.842136,0.613563,0.348542,5.953243
2001-06-26T12:00:00.000000,0.000399,0.000637,0.007472,0.000217,0.00049,0.000473,0.000861,0.003275,0.940007,1.842136,0.552159,0.348542,5.872118
2001-06-26T13:00:00.000000,0.0001,0.000537,0.008335,0.000177,0.00015,0.000333,0.000651,0.005942,0.824175,1.842136,0.597187,0.348542,5.755742
2001-06-26T14:00:00.000000,0.000399,0.000617,0.00777,0.000197,0.00059,0.000423,0.000861,0.002986,0.774727,1.842136,0.546386,0.348542,5.699105
2001-06-26T15:00:00.000000,0.000399,0.000757,0.004729,0.000207,0.00063,0.000493,0.00125,0.003534,0.722706,1.842136,0.608134,0.486738,5.774552
2001-06-26T16:00:00.000000,0.0001,0.003145,0.033628,0.001069,0.00067,0.000473,0.0011,0.003065,0.732368,1.842136,0.580538,0.442761,5.888878
2001-06-26T17:00:00.000000,0.000879,0.000757,0.011543,0.000227,0.00075,0.000523,0.00113,0.005942,0.732368,1.842136,0.66114,0.486738,6.084499
2001-06-26T18:00:00.000000,0.000519,0.000797,0.01335,0.000387,0.00077,0.000603,0.0011,0.003095,0.698135,1.842136,0.613563,0.449163,6.013715
2001-06-26T19:00:00.000000,0.000489,0.000827,0.005982,0.000337,0.00081,0.000533,0.00134,0.003125,0.640801,1.842136,0.655964,0.480573,5.872118
2001-06-26T20:00:00.000000,0.0001,0.000597,0.004759,0.000217,0.00085,0.000533,0.00149,0.005942,0.560758,1.842136,0.5579,0.436318,5.811141
2001-06-26T21:00:00.000000,0.000549,0.000587,0.005982,0.000227,0.0009,0.000573,0.00143,0.005942,0.509224,1.842136,0.640274,0.480573,5.83773
2001-06-26T22:00:00.000000,0.000819,0.000667,0.007859,0.000307,0.001249,0.000733,0.001789,0.005942,0.440832,1.842136,0.580538,0.429832,5.593223
2001-06-26T23:00:00.000000,0.000309,0.000892,0.004311,0.000137,0.00045,0.000333,0.000741,0.005942,0.404798,0.006181,0.634988,0.474369,5.726848
2001-06-27T00:00:00.000000,0.000699,0.003105,0.022104,0.000837,0.001029,0.000893,0.00152,0.004649,2.525729,1.842136,0.586119,0.468127,5.311234
2001-06-27T01:00:00.000000,0.000339,0.000547,0.004341,0.000157,0.00058,0.000383,0.000831,0.005942,0.37638,0.113329,0.624333,0.474369,5.774552
2001-06-27T02:00:00.000000,0.000699,0.000627,0.005952,0.000247,0.00084,0.000613,0.00149,0.002976,2.525729,1.842136,2.639057,1.150572,5.363168
2001-06-27T03:00:00.000000,0.000399,0.000587,0.010505,0.000237,0.00065,0.000503,0.00104,0.003015,2.525729,1.842136,2.639057,1.150572,5.275049
2001-06-27T04:00:00.000000,0.000759,0.000567,0.007174,0.000337,0.00067,0.000533,0.00107,0.003115,2.525729,1.842136,2.639057,1.150572,5.499624
2001-06-27T05:00:00.000000,0.000459,0.000567,0.008097,0.000207,0.00065,0.000523,0.000951,0.005942,0.307485,1.842136,2.639057,1.150572,5.390897
2001-06-27T06:00:00.000000,0.000429,0.000537,0.003922,0.000187,0.00049,0.000443,0.000741,0.005942,0.396761,1.842136,2.639057,1.150572,5.299317
2001-06-27T07:00:00.000000,0.000519,0.000587,0.005773,0.000237,0.00063,0.000543,0.00104,0.003125,2.525729,1.842136,2.639057,1.150572,5.459586
2001-06-27T09:00:00.000000,0.000459,0.000567,0.006399,0.000187,0.00063,0.000633,0.000891,0.005942,2.525729,1.842136,2.639057,1.150572,5.479805
2001-06-27T11:00:00.000000,0.000489,0.000557,0.00771,0.000257,0.00068,0.000483,0.00137,0.002996,2.525729,1.842136,2.639057,1.150572,5.566052
2001-06-27T12:00:00.000000,0.000399,0.000537,0.015657,0.000177,0.00059,0.000493,0.00101,0.005942,2.525729,1.842136,0.618962,0.505009,5.641198
2001-06-27T13:00:00.000000,0.000939,0.000567,0.007174,0.000187,0.00068,0.000483,0.000951,0.005942,2.525729,1.842136,0.552159,0.348542,5.619676
2001-06-27T14:00:00.000000,0.000669,0.000567,0.007412,0.000297,0.00064,0.000473,0.0011,0.005942,2.525729,1.842136,0.645531,0.480573,5.682899
2001-06-27T15:00:00.000000,0.000819,0.000607,0.033048,0.003075,0.00078,0.000533,0.00119,0.005942,2.525729,1.842136,0.591668,0.429832,5.736572
2001-06-27T16:00:00.000000,0.000489,0.000587,0.008365,0.000217,0.00081,0.000583,0.001849,0.005942,2.525729,1.842136,0.640274,0.480573,5.666427
2001-06-27T17:00:00.000000,0.000579,0.000597,0.005982,0.000217,0.00092,0.000663,0.00146,0.005942,2.525729,1.842136,0.580538,0.436318,5.726848
2001-06-27T18:00:00.000000,0.000639,0.000657,0.012136,0.000347,0.00089,0.000533,0.00125,0.005942,2.525729,1.842136,0.634988,0.486738,5.783825
2001-06-27T19:00:00.000000,0.000639,0.000947,0.007412,0.000267,0.001019,0.000743,0.00146,0.003165,0.129272,1.842136,0.563608,0.468127,5.256453
2001-06-27T20:00:00.000000,0.000729,0.002487,0.01261,0.000287,0.00093,0.001159,0.00134,0.007065,2.525729,1.842136,0.586119,0.468127,5.237505
2001-06-27T21:00:00.000000,0.001328,0.006886,0.017398,0.000407,0.001209,0.002836,0.001969,0.013114,2.525729,1.842136,0.574927,0.474369,5.374352
2001-06-27T22:00:00.000000,0.000909,0.00452,0.018311,0.000407,0.001269,0.001709,0.001789,0.011929,2.525729,1.842136,0.602675,0.486738,5.615315
2001-06-27T23:00:00.000000,0.001388,0.006489,0.021517,0.000317,0.001209,0.001479,0.002209,0.009534,2.525729,1.842136,0.574927,0.474369,5.484797
2001-06-28T01:00:00.000000,0.000909,0.003952,0.016483,0.000797,0.001219,0.000853,0.002328,0.006757,2.525729,1.842136,0.586119,0.480573,5.542831
2001-06-28T02:00:00.000000,0.001088,0.009732,0.021898,0.008077,0.001289,0.001938,0.002089,0.012027,2.525729,1.842136,0.634988,0.522952,5.717028
2001-06-28T03:00:00.000000,0.001028,0.004759,0.014534,0.017938,0.001269,0.001019,0.001969,0.007383,2.525729,1.842136,2.639057,1.150572,5.691035
2001-06-28T04:00:00.000000,0.00013,0.011434,0.002307,0.000367,0.00015,0.001079,0.0002,0.003952,2.525729,1.842136,2.639057,1.150572,5.828946
2001-06-28T05:00:00.000000,0.000759,0.011039,0.012077,0.000557,0.001129,0.001838,0.00155,0.009019,2.525729,1.842136,2.639057,1.150572,5.783825
2001-06-28T09:00:00.000000,0.001028,0.005505,0.006519,0.000357,0.00088,0.000953,0.00137,0.005177,0.206201,1.842136,2.639057,1.150572,5.237505
2001-06-28T10:00:00.000000,0.000939,0.004818,0.005982,0.000377,0.00099,0.000923,0.0017,0.005475,0.223943,1.842136,2.639057,1.150572,5.311234
2001-06-28T11:00:00.000000,0.000579,0.002257,0.011187,0.000307,0.00084,0.000673,0.00128,0.003833,0.221542,1.842136,2.639057,1.150572,5.164786
2001-06-28T12:00:00.000000,0.000699,0.001509,0.012255,0.000457,0.001029,0.000803,0.00161,0.003683,0.244514,1.842136,0.783902,0.480573,5.474789
2001-06-28T13:00:00.000000,0.000639,0.002716,0.014829,0.000867,0.001069,0.000773,0.001849,0.004629,0.276115,1.842136,0.912283,0.563608,5.811141
2001-06-28T14:00:00.000000,0.000699,0.001289,0.013942,0.000657,0.001089,0.000783,0.00152,0.004151,0.286682,1.842136,0.797507,0.505009,5.70711
2001-06-28T15:00:00.000000,0.000729,0.001129,0.007442,0.000337,0.00088,0.000623,0.001849,0.003444,0.261595,1.842136,0.66629,0.474369,5.401776
2001-06-28T16:00:00.000000,0.000609,0.000957,0.006936,0.000307,0.00089,0.000613,0.00155,0.003404,0.263902,1.842136,0.602675,0.468127,5.459586
2001-06-28T17:00:00.000000,0.000639,0.001059,0.006638,0.000317,0.00097,0.000653,0.001849,0.003544,0.264669,1.842136,0.650761,0.480573,5.597681
2001-06-28T18:00:00.000000,0.000909,0.008672,0.015568,0.000397,0.00096,0.000973,0.00149,0.007373,0.311887,1.842136,0.650761,0.468127,5.888878
2001-06-28T19:00:00.000000,0.001268,0.01262,0.014475,0.001039,0.001259,0.002567,0.002538,0.026739,2.525729,1.842136,0.645531,0.468127,5.674697
2001-06-28T20:00:00.000000,0.000969,0.012126,0.010119,0.000417,0.001179,0.002656,0.001819,0.02635,2.525729,0.10075,0.681581,0.474369,5.820083
2001-06-28T21:00:00.000000,0.001658,0.00437,0.01095,0.000377,0.001109,0.002367,0.001939,0.007948,2.525729,0.071762,0.655964,0.468127,5.820083
2001-06-28T22:00:00.000000,0.001088,0.002836,0.008514,0.000317,0.001029,0.002826,0.00161,0.007035,2.525729,0.07139,0.66629,0.480573,5.736572
2001-06-28T23:00:00.000000,0.001418,0.000987,0.004968,0.000237,0.00085,0.002427,0.00125,0.004112,0.314081,1.842136,0.66114,0.474369,5.921578
2001-11-07T00:00:00.000000,0.003444,0.001599,0.008454,0.000347,0.001079,0.004749,0.00158,0.005465,2.525729,1.842136,0.618962,0.468127,5.746203
2001-11-07T01:00:00.000000,0.002137,0.001479,0.013114,0.000597,0.001069,0.004948,0.0017,0.017152,2.525729,1.842136,0.597187,0.498955,5.765191
2001-11-07T02:00:00.000000,0.000759,0.000947,0.007889,0.000307,0.00088,0.000983,0.001909,0.005206,0.285179,1.842136,0.602675,0.474369,5.519058
2001-11-07T03:00:00.000000,0.000609,0.000707,0.006042,0.000427,0.00096,0.000763,0.002238,0.004032,0.678034,0.042101,0.624333,0.474369,6.144186
2001-11-07T04:00:00.000000,0.000639,0.000697,0.005147,0.000397,0.001009,0.000683,0.001849,0.004032,0.582216,0.018331,0.563608,0.474369,5.905362
2001-11-07T05:00:00.000000,0.000909,0.000757,0.005266,0.000347,0.00099,0.000643,0.00155,0.003524,0.275356,0.012225,0.563608,0.348542,5.774552
2001-11-07T06:00:00.000000,0.001268,0.001229,0.004968,0.000327,0.001009,0.000623,0.00005,0.003524,0.166362,0.007134,0.517006,0.468127,5.317139
2001-11-07T07:00:00.000000,0.000639,0.000667,0.005296,0.000427,0.001029,0.000733,0.001939,0.003992,0.139762,0.003942,0.546386,0.474369,5.423186
2001-11-07T08:00:00.000000,0.000879,0.000697,0.005833,0.000657,0.001079,0.000803,0.00149,0.004062,0.116894,0.005276,0.505009,0.461845,5.071417
2001-11-07T10:00:00.000000,0.000789,0.000667,0.005743,0.000457,0.00096,0.000683,0.00134,0.003843,0.092853,1.842136,0.528862,0.348542,4.94307
2001-11-07T12:00:00.000000,0.000939,0.000707,0.006727,0.000907,0.001169,0.000803,0.0017,0.007264,0.099845,1.842136,0.528862,0.474369,5.299317
2001-11-07T13:00:00.000000,0.000759,0.000777,0.005206,0.000877,0.00092,0.000563,0.00158,0.003723,0.107957,1.842136,0.546386,0.468127,5.287256
2001-11-07T14:00:00.000000,0.000699,0.000647,0.00628,0.000417,0.001099,0.000753,0.00164,0.003414,0.057231,1.842136,0.486738,0.348542,4.739701
2001-11-07T15:00:00.000000,0.000729,0.000687,0.006161,0.000467,0.001159,0.000693,0.001789,0.003564,0.059118,1.842136,0.505009,0.348542,4.721174
2001-11-07T16:00:00.000000,0.005773,0.000607,0.006698,0.000227,0.001299,0.000603,0.001819,0.004798,0.429832,0.320633,2.639057,1.150572,6.287859
2001-11-07T17:00:00.000000,0.001028,0.000727,0.007085,0.000577,0.001269,0.000873,0.00005,0.004012,0.066537,0.073715,0.505009,0.455524,5.374352
2001-11-07T18:00:00.000000,0.000639,0.000677,0.009287,0.000537,0.00098,0.000993,0.00167,0.005196,0.103459,1.842136,0.540579,0.474369,5.328847
2001-11-07T19:00:00.000000,0.005475,0.000627,0.005893,0.000207,0.00093,0.000623,0.001909,0.004141,0.421994,0.368109,2.639057,1.150572,6.357842
2001-11-07T20:00:00.000000,0.002256,0.006141,0.033048,0.000367,0.001049,0.005564,0.0017,0.012719,2.525729,1.842136,0.618962,0.480573,5.606537
2001-11-07T21:00:00.000000,0.001658,0.003932,0.010623,0.000387,0.001059,0.006956,0.00167,0.011336,2.525729,1.842136,0.546386,0.455524,5.454466
2001-11-07T22:00:00.000000,0.002675,0.002367,0.009257,0.000357,0.001249,0.007264,0.001939,0.010049,2.525729,0.014297,0.574927,0.461845,5.606537
2001-11-07T23:00:00.000000,0.001957,0.001449,0.009673,0.000507,0.00089,0.003962,0.001939,0.008335,2.525729,0.085352,0.563608,0.455524,5.703116
2001-11-08T01:00:00.000000,0.000819,0.001019,0.00628,0.000197,0.00095,0.001998,0.00173,0.00436,2.525729,0.016562,0.608134,0.461845,5.624018
2001-11-08T02:00:00.000000,0.000969,0.001049,0.007919,0.000227,0.001069,0.001539,0.001879,0.004131,0.201307,0.012916,0.580538,0.461845,5.774552
2001-11-08T03:00:00.000000,0.001688,0.003793,0.009911,0.000297,0.00099,0.004978,0.0017,0.008176,2.525729,0.029365,0.613563,0.468127,5.793014
2001-11-08T05:00:00.000000,0.000909,0.001898,0.009227,0.000267,0.001159,0.002786,0.002478,0.004131,2.525729,0.073065,0.540579,0.455524,5.44932
2001-11-08T06:00:00.000000,0.000609,0.001249,0.007353,0.000347,0.00099,0.001589,0.002508,0.003524,2.525729,0.047551,0.569283,0.468127,5.570632
2001-11-08T08:00:00.000000,0.000669,0.000737,0.006847,0.000257,0.001039,0.001,0.00152,0.003205,2.525729,0.02557,0.517006,0.455524,5.523858
2001-11-08T09:00:00.000000,0.001508,0.000637,0.007442,0.000207,0.0009,0.002098,0.00134,0.003205,2.525729,0.014002,0.534737,0.348542,5.428468
2001-11-08T11:00:00.000000,0.001927,0.000892,0.007204,0.000217,0.00099,0.000573,0.0014,0.003793,0.409457,0.347836,2.639057,1.150572,6.461468
2001-11-08T12:00:00.000000,0.000669,0.000727,0.006966,0.000267,0.00092,0.001389,0.00161,0.003494,2.525729,1.842136,0.522952,0.461845,5.317139
2001-11-08T13:00:00.000000,0.000549,0.000687,0.005624,0.000247,0.00087,0.001019,0.00173,0.003474,2.525729,1.842136,0.540579,0.348542,5.06386
2001-11-08T14:00:00.000000,0.000639,0.000807,0.010445,0.000247,0.00084,0.001039,0.00122,0.003305,2.525729,0.070458,0.511026,0.455524,5.033049
2001-11-08T15:00:00.000000,0.000519,0.000892,0.006936,0.000207,0.00015,0.000813,0.00128,0.003613,0.478716,0.207827,0.511026,0.348542,5.086361
2001-11-08T16:00:00.000000,0.000489,0.000597,0.004012,0.000187,0.00075,0.000573,0.001789,0.002986,0.158712,0.048981,0.486738,0.348542,4.617099
2001-11-08T17:00:00.000000,0.000429,0.000597,0.008781,0.000197,0.00072,0.000533,0.000951,0.003205,0.173113,0.009812,0.517006,0.348542,4.755313
2001-11-08T18:00:00.000000,0.000399,0.000892,0.009108,0.000167,0.00068,0.000443,0.000951,0.005942,0.10075,0.061565,0.492865,0.348542,4.310799
2001-11-08T19:00:00.000000,0.000459,0.000892,0.014297,0.000227,0.00074,0.000493,0.00122,0.003165,0.128393,0.067565,0.5579,0.468127,4.825109
2001-11-08T20:00:00.000000,0.000549,0.000892,0.019312,0.000347,0.00084,0.000523,0.00158,0.003315,0.153579,1.842136,0.732368,0.480573,5.504518
2001-11-08T21:00:00.000000,0.000639,0.000587,0.018635,0.000317,0.00086,0.000543,0.00155,0.003673,0.135405,1.842136,0.586119,0.474369,5.033049
2001-11-08T22:00:00.000000,0.000519,0.000892,0.009019,0.000227,0.00088,0.000963,0.001819,0.006807,0.140631,0.099845,0.634988,0.480573,5.610936
2001-11-08T23:00:00.000000,0.000609,0.000892,0.015657,0.000277,0.00097,0.001409,0.001939,0.008762,0.157004,0.04047,0.81093,0.522952,5.793014
2001-11-09T23:00:00.000000,0.001957,0.000577,0.006489,0.001019,0.00085,0.000633,0.00152,0.004151,0.37363,0.364643,2.639057,1.150572,6.546785
2001-11-10T00:00:00.000000,0.001058,0.000757,0.012699,0.000327,0.00099,0.000933,0.00164,0.007492,0.115113,0.122218,0.966984,0.540579,6.293419
2001-11-10T01:00:00.000000,0.000609,0.000637,0.030723,0.001229,0.00092,0.001679,0.00167,0.006767,0.182322,0.078996,0.650761,0.511026,5.846439
2001-11-10T02:00:00.000000,0.000639,0.000787,0.024975,0.000377,0.00094,0.001559,0.00143,0.00777,0.24059,0.121332,0.629675,0.480573,5.584248
2001-11-10T03:00:00.000000,0.000489,0.000577,0.007383,0.000267,0.00076,0.001808,0.00113,0.005087,2.525729,0.214305,0.597187,0.468127,5.570632
2001-11-10T04:00:00.000000,0.000489,0.000892,0.00997,0.000237,0.00015,0.000643,0.00155,0.003095,0.117783,0.242946,0.546386,0.461845,5.340419
2001-11-10T05:00:00.000000,0.000399,0.000892,0.013676,0.000227,0.00068,0.000573,0.000981,0.005942,0.096219,0.323532,0.552159,0.348542,5.444148
2001-11-10T06:00:00.000000,0.000459,0.000892,0.014593,0.000167,0.00015,0.000573,0.00119,0.005942,0.09531,0.34288,0.511026,0.455524,5.423186
2001-11-10T07:00:00.000000,0.000579,0.000892,0.004759,0.000197,0.00096,0.000623,0.00155,0.003025,0.098034,0.330742,0.546386,0.468127,5.584248
2001-11-10T08:00:00.000000,0.000519,0.000892,0.004012,0.000177,0.00083,0.000613,0.00122,0.003075,0.10075,0.327143,0.540579,0.474369,5.736572
2001-11-10T09:00:00.000000,0.002197,0.000587,0.00774,0.000457,0.00093,0.000703,0.00128,0.00444,0.374318,0.34146,2.639057,1.150572,6.475433
2001-11-10T10:00:00.000000,0.000519,0.000647,0.014002,0.000247,0.00097,0.000643,0.00128,0.003544,0.109751,0.34288,0.546386,0.461845,5.433722
2001-11-10T11:00:00.000000,0.000429,0.000892,0.005296,0.000147,0.00067,0.000513,0.0011,0.003195,0.10075,0.321359,0.498955,0.348542,5.185149
2001-11-10T12:00:00.000000,0.000399,0.000892,0.005415,0.000147,0.00059,0.000593,0.000891,0.003095,0.096219,0.221542,0.528862,0.348542,5.136974
2001-11-10T13:00:00.000000,0.000459,0.000892,0.003205,0.000157,0.00071,0.000763,0.00107,0.003205,0.085168,0.134531,0.486738,0.348542,4.815431
2001-11-10T14:00:00.000000,0.001298,0.000797,0.110378,0.000397,0.001079,0.000653,0.00167,0.004141,0.355574,0.255417,2.639057,1.150572,6.118097
2001-11-10T15:00:00.000000,0.000399,0.000892,0.004102,0.000177,0.00066,0.000703,0.001939,0.003115,0.094219,0.211071,0.522952,0.348542,5.115596
2001-11-10T16:00:00.000000,0.000429,0.000892,0.003025,0.000157,0.00015,0.000643,0.00113,0.005942,0.07955,0.198851,0.498955,0.348542,5.078917
2001-11-10T17:00:00.000000,0.000429,0.000892,0.003085,0.000157,0.00067,0.000563,0.00131,0.005942,0.063538,0.124869,0.522952,0.348542,4.968423
2001-11-10T18:00:00.000000,0.000399,0.000892,0.006399,0.000147,0.00015,0.000523,0.000861,0.005942,0.057136,0.14842,0.498955,0.348542,4.890349
2001-11-10T19:00:00.000000,0.000399,0.000892,0.016749,0.000137,0.00015,0.000453,0.00137,0.005942,0.055435,0.112435,0.517006,0.348542,4.565389
2001-11-10T20:00:00.000000,0.000429,0.000892,0.006638,0.000257,0.00067,0.000513,0.00104,0.005942,0.057703,0.065694,0.505009,0.348542,4.770685
2001-11-10T21:00:00.000000,0.000519,0.000892,0.007412,0.000307,0.00085,0.000573,0.00149,0.003603,0.071576,0.093217,0.737164,0.474369,5.691035
2001-11-10T22:00:00.000000,0.000789,0.001619,0.126897,0.000707,0.001099,0.000853,0.00005,0.005714,0.086269,0.118672,0.891998,0.517006,6.144186
2001-11-10T23:00:00.000000,0.001148,0.000867,0.042868,0.000317,0.0009,0.000773,0.00146,0.009198,0.10075,0.118672,0.940007,0.552159,6.09131
2001-11-11T00:00:00.000000,0.000939,0.000867,0.033628,0.000407,0.001239,0.001778,0.002328,0.005992,0.226338,0.075942,0.722706,0.624333,6.188264
2001-11-11T01:00:00.000000,0.000699,0.000717,0.033918,0.000297,0.00096,0.000993,0.001879,0.005644,0.101654,0.117783,0.947789,0.528862,6.23637
2001-11-11T02:00:00.000000,0.000759,0.000837,0.044591,0.000297,0.001059,0.000923,0.00149,0.005962,0.112435,0.132781,0.936093,0.528862,6.287859
2001-11-11T03:00:00.000000,0.000789,0.000827,0.021282,0.000327,0.001029,0.000943,0.00005,0.005535,0.09894,0.128393,0.970779,0.534737,6.309918
2001-11-11T04:00:00.000000,0.000879,0.000727,0.00634,0.000267,0.001069,0.000913,0.00158,0.005027,0.096219,0.142367,0.924259,0.528862,6.287859
2001-11-11T05:00:00.000000,0.000639,0.000687,0.01,0.000217,0.00015,0.001059,0.00005,0.004331,0.086545,0.178983,0.832909,0.492865,6.104793
2001-11-11T06:00:00.000000,0.001058,0.000617,0.010326,0.000197,0.00015,0.000753,0.00005,0.004181,0.08856,0.187309,0.765468,0.486738,6.098074
2001-11-11T07:00:00.000000,0.000969,0.000807,0.010148,0.000337,0.001039,0.000673,0.00158,0.003882,0.250759,0.159565,2.639057,1.150572,5.602119
2001-11-11T08:00:00.000000,0.000999,0.000627,0.00634,0.000207,0.00015,0.000803,0.00005,0.004112,0.089292,0.189794,0.802002,0.492865,6.063785
2001-11-11T09:00:00.000000,0.000789,0.000597,0.011424,0.000217,0.00095,0.000953,0.00005,0.00437,0.094037,0.208639,0.722706,0.480573,6.049733
2001-11-11T10:00:00.000000,0.001178,0.000707,0.006578,0.000297,0.001099,0.000983,0.00005,0.00439,0.105261,0.225541,0.770108,0.505009,6.242223
2001-11-11T11:00:00.000000,0.000939,0.000737,0.007353,0.000557,0.001339,0.002517,0.001789,0.004858,0.122218,0.253867,0.756122,0.511026,6.248043
2001-11-11T12:00:00.000000,0.001088,0.000947,0.029093,0.001159,0.001019,0.000973,0.0017,0.010643,2.525729,0.079735,2.639057,1.150572,5.136974
2001-11-11T13:00:00.000000,0.000789,0.001009,0.010505,0.000687,0.00096,0.001539,0.001969,0.010445,2.525729,0.013607,2.639057,1.150572,5.122773
2001-11-11T14:00:00.000000,0.000969,0.000997,0.0248,0.001169,0.001239,0.001669,0.002238,0.005385,0.162969,0.314081,0.940007,0.552159,6.44254
2001-11-11T15:00:00.000000,0.000549,0.000647,0.00437,0.000187,0.00091,0.000803,0.00122,0.003703,2.525729,1.842136,2.639057,1.150572,5.129899
2001-11-11T16:00:00.000000,0.001328,0.001049,0.012699,0.000907,0.001029,0.002317,0.00005,0.005734,0.193921,0.416075,0.722706,0.511026,6.342121
2001-11-11T17:00:00.000000,0.000309,0.000887,0.002307,0.000157,0.00019,0.002926,0.00005,0.003952,2.525729,0.306749,0.517006,0.348542,5.802118
2001-11-11T18:00:00.000000,0.000819,0.001169,0.007085,0.000247,0.001149,0.002656,0.001819,0.003464,0.340037,0.21188,0.505009,0.455524,5.385412
2001-11-11T19:00:00.000000,0.001058,0.000877,0.007293,0.000257,0.001099,0.001459,0.002238,0.003434,0.196389,0.135405,0.528862,0.474369,5.164786
2001-11-11T20:00:00.000000,0.001538,0.000687,0.004878,0.000287,0.001059,0.001159,0.00152,0.003723,0.14842,0.061189,0.505009,0.455524,4.984976
2001-11-11T21:00:00.000000,0.000909,0.000677,0.004997,0.000347,0.001049,0.001279,0.001789,0.003305,0.150143,0.039701,0.522952,0.461845,4.917057
2001-11-11T22:00:00.000000,0.001268,0.001219,0.02918,0.000467,0.001199,0.001369,0.001819,0.00448,0.187309,0.043825,0.613563,0.486738,5.542831
2001-11-11T23:00:00.000000,0.000699,0.000587,0.004221,0.000217,0.00083,0.000683,0.00119,0.003275,2.525729,1.842136,2.639057,1.150572,4.881286
2001-11-12T00:00:00.000000,0.000999,0.005614,0.006072,0.000317,0.00077,0.002926,0.00137,0.00451,2.525729,1.842136,0.67651,0.511026,6.035481
2001-11-12T01:00:00.000000,0.001478,0.000817,0.034498,0.000617,0.001269,0.001099,0.002298,0.00438,0.273837,0.072786,0.797507,0.546386,5.976351
2001-11-12T02:00:00.000000,0.000999,0.000707,0.016896,0.000517,0.001239,0.000913,0.002298,0.003613,0.236652,0.079273,0.597187,0.492865,5.523858
2001-11-12T03:00:00.000000,0.000819,0.000717,0.021546,0.000367,0.001239,0.001489,0.002119,0.003444,0.223144,0.04612,0.602675,0.480573,5.412539
2001-11-12T04:00:00.000000,0.000789,0.000637,0.007323,0.000287,0.001129,0.000883,0.00164,0.003285,0.207827,0.052023,0.540579,0.461845,5.115596
2001-11-12T05:00:00.000000,0.000879,0.000667,0.006459,0.000267,0.00015,0.000813,0.00173,0.003235,0.187309,0.055624,0.563608,0.461845,5.250177
2001-11-12T06:00:00.000000,0.000909,0.000657,0.01412,0.000297,0.00095,0.000743,0.00152,0.003105,0.202124,0.077239,0.522952,0.461845,5.086361
2001-11-12T07:00:00.000000,0.000789,0.000647,0.014623,0.000267,0.001359,0.001069,0.001909,0.003464,0.194744,0.074087,0.563608,0.468127,5.334649
2001-11-12T08:00:00.000000,0.001028,0.000647,0.025794,0.000367,0.00015,0.000763,0.002478,0.004291,0.189794,0.067939,0.5579,0.461845,5.396351
2001-11-12T10:00:00.000000,0.001268,0.000677,0.04258,0.000377,0.001189,0.001059,0.002298,0.004759,0.192272,0.063444,0.629675,0.486738,5.674697
2001-11-12T12:00:00.000000,0.000759,0.000637,0.029326,0.000307,0.00067,0.000653,0.00122,0.005903,0.253867,0.094856,0.741937,0.498955,5.929589
2001-11-12T13:00:00.000000,0.000699,0.000927,0.022016,0.000717,0.001069,0.000903,0.002029,0.00638,0.252314,0.102557,0.597187,0.474369,5.674697
2001-11-12T14:00:00.000000,0.000879,0.000667,0.012521,0.000327,0.00094,0.000843,0.00149,0.006429,0.242946,0.107957,0.540579,0.468127,5.374352
2001-11-12T15:00:00.000000,0.000759,0.000757,0.02398,0.000337,0.001289,0.001059,0.002657,0.003723,0.274597,0.130151,0.597187,0.480573,5.717028
2001-11-12T16:00:00.000000,0.000729,0.000587,0.005594,0.000227,0.0009,0.000603,0.00158,0.005942,2.525729,1.842136,2.639057,1.150572,5.101085
2001-11-12T18:00:00.000000,0.000699,0.000717,0.01178,0.000277,0.001069,0.001009,0.00167,0.003155,0.27079,0.13715,0.552159,0.474369,5.514235
2001-11-12T19:00:00.000000,0.000429,0.000687,0.011573,0.000337,0.0007,0.000713,0.00167,0.003035,2.525729,1.842136,0.602675,0.517006,5.820083
2001-11-12T20:00:00.000000,0.000759,0.005376,0.023746,0.000617,0.001149,0.001808,0.002238,0.011039,2.525729,1.842136,0.602675,0.486738,5.983936
2001-11-12T21:00:00.000000,0.000849,0.011336,0.023511,0.000407,0.001199,0.001968,0.001849,0.0078,2.525729,1.842136,0.640274,0.468127,5.921578
2001-11-12T22:00:00.000000,0.001268,0.015578,0.015243,0.000477,0.001099,0.003005,0.001969,0.011731,2.525729,1.842136,0.586119,0.468127,5.802118
2001-11-12T23:00:00.000000,0.000909,0.003384,0.008186,0.000697,0.00084,0.002247,0.001819,0.004958,2.525729,1.842136,0.597187,0.461845,5.588746
2001-11-13T01:00:00.000000,0.000909,0.001998,0.008454,0.000257,0.0008,0.002297,0.001939,0.003474,2.525729,1.842136,0.681581,0.468127,5.765191
2001-11-13T02:00:00.000000,0.000669,0.001179,0.005773,0.000327,0.00097,0.000893,0.001939,0.017545,2.525729,1.842136,0.634988,0.486738,5.494706
2001-11-13T03:00:00.000000,0.000699,0.000887,0.006012,0.000347,0.001049,0.000713,0.00005,0.003414,0.219136,0.011138,0.681581,0.505009,5.615315
2001-11-13T04:00:00.000000,0.000759,0.000787,0.006399,0.000307,0.00015,0.000813,0.00146,0.005823,0.277632,0.044591,0.67651,0.492865,5.533389
2001-11-13T05:00:00.000000,0.000969,0.000747,0.004669,0.000257,0.00015,0.000633,0.00137,0.005525,0.396088,0.102557,0.681581,0.480573,5.774552
2001-11-13T06:00:00.000000,0.000639,0.000837,0.00449,0.000337,0.00015,0.000823,0.001759,0.006995,0.438255,0.158712,0.650761,0.474369,5.913503
2001-11-13T07:00:00.000000,0.001028,0.000877,0.005356,0.000357,0.001,0.000893,0.00149,0.003474,0.452349,0.215111,0.727549,0.480573,6.09131
2001-11-13T08:00:00.000000,0.001058,0.000937,0.020459,0.000477,0.001149,0.001209,0.001879,0.004062,0.485508,0.281412,0.774727,0.517006,6.309918
2001-11-13T09:00:00.000000,0.000819,0.000907,0.008811,0.000407,0.001119,0.001049,0.001969,0.00624,0.494696,0.322808,0.765468,0.498955,6.309918
2001-11-13T10:00:00.000000,0.000429,0.000892,0.002936,0.000157,0.00071,0.000433,0.00119,0.003075,0.29565,0.370874,0.5579,0.348542,6.063785
2001-11-13T11:00:00.000000,0.000699,0.000667,0.005594,0.000247,0.00015,0.000783,0.00131,0.003045,2.525729,1.842136,2.639057,1.150572,4.853592
2001-11-13T12:00:00.000000,0.000429,0.000892,0.003235,0.000127,0.00053,0.000393,0.000801,0.003065,0.298622,0.362558,0.540579,0.348542,6.006353
2001-11-13T13:00:00.000000,0.000339,0.000892,0.004997,0.000127,0.00054,0.000383,0.00128,0.004052,0.335043,0.370874,0.5579,0.348542,6.042633
2001-11-13T14:00:00.000000,0.000519,0.000607,0.010356,0.000197,0.00015,0.000573,0.00122,0.003315,2.525729,1.842136,0.540579,0.348542,5.70711
2001-11-13T15:00:00.000000,0.000519,0.000647,0.005445,0.000167,0.00015,0.000593,0.00173,0.003185,0.278389,0.291176,2.639057,1.150572,5.658088
2001-11-13T16:00:00.000000,0.000519,0.000597,0.003743,0.000167,0.00015,0.000723,0.00149,0.003075,0.271553,0.241376,0.540579,0.348542,5.509388
2001-11-13T17:00:00.000000,0.000549,0.000597,0.007174,0.000187,0.00091,0.000633,0.001939,0.003315,0.282167,0.291923,0.580538,0.528862,5.632644
2001-11-13T18:00:00.000000,0.000549,0.000747,0.0044,0.000187,0.00015,0.000783,0.002029,0.004052,0.263133,0.272315,0.586119,0.498955,5.755742
2001-11-13T19:00:00.000000,0.000669,0.000597,0.005057,0.000207,0.00015,0.000633,0.002179,0.003105,0.255417,0.284427,0.591668,0.522952,5.726848
2001-11-13T20:00:00.000000,0.000549,0.000617,0.003892,0.000187,0.00015,0.000593,0.00167,0.003185,0.253091,0.288182,0.546386,0.348542,5.653892
2001-11-13T21:00:00.000000,0.000639,0.000587,0.008573,0.000177,0.00015,0.000633,0.0017,0.003205,0.260054,0.288182,0.574927,0.511026,5.699105
2001-11-13T22:00:00.000000,0.000489,0.000577,0.006995,0.000217,0.00081,0.000563,0.00119,0.003085,0.23349,0.317726,0.546386,0.348542,5.746203
2001-11-13T23:00:00.000000,0.000609,0.000587,0.005535,0.000207,0.00015,0.000593,0.001909,0.003075,0.273076,0.399447,0.569283,0.505009,6.013715
2002-03-19T00:00:00.000000,0.000549,0.000587,0.004878,0.000197,0.00015,0.000603,0.0017,0.003185,0.31627,0.558472,0.574927,0.486738,6.248043
2002-03-19T01:00:00.000000,0.000669,0.000817,0.005743,0.000507,0.00092,0.000783,0.00137,0.003374,0.31627,0.553885,0.574927,0.517006,6.194405
2002-03-19T02:00:00.000000,0.000729,0.000677,0.005147,0.000247,0.001049,0.000933,0.00164,0.003255,2.525729,1.842136,2.639057,1.150572,5.191845
2002-03-19T11:00:00.000000,0.000699,0.000607,0.004161,0.000227,0.00092,0.000773,0.002119,0.003982,0.322808,0.580538,0.563608,0.348542,6.282267
2002-03-19T12:00:00.000000,0.000549,0.000577,0.003863,0.000177,0.00084,0.000633,0.001969,0.003504,0.271553,0.482426,0.569283,0.505009,6.035481
2002-03-19T13:00:00.000000,0.000519,0.000807,0.010297,0.000197,0.00083,0.000793,0.00125,0.007561,0.216723,0.365337,0.534737,0.348542,5.746203
2002-03-19T14:00:00.000000,0.000519,0.001019,0.003564,0.000177,0.00086,0.000773,0.002179,0.010445,0.14842,0.229523,0.534737,0.348542,5.328847
2002-03-19T15:00:00.000000,0.000579,0.001189,0.004161,0.000177,0.00087,0.000703,0.00152,0.007422,0.122218,0.183987,0.522952,0.348542,5.150977
2002-03-19T16:00:00.000000,0.000519,0.001249,0.004729,0.000177,0.00086,0.000823,0.00134,0.005455,0.213497,0.352767,0.552159,0.511026,5.678806
2002-03-19T17:00:00.000000,0.000609,0.000757,0.003922,0.000187,0.00091,0.000653,0.00137,0.004878,0.238229,0.447247,0.540579,0.348542,5.746203
2002-03-19T18:00:00.000000,0.000639,0.000887,0.005027,0.000207,0.001039,0.000823,0.001759,0.007035,0.368109,0.451076,0.569283,0.511026,6.021023
2002-03-19T19:00:00.000000,0.000729,0.001139,0.006698,0.000657,0.001009,0.000743,0.00161,0.006847,0.322808,0.519984,0.552159,0.505009,5.606537
2002-03-19T20:00:00.000000,0.000579,0.001109,0.006429,0.001479,0.00095,0.001029,0.00167,0.004022,0.253091,0.532391,0.517006,0.348542,5.593223
2002-03-19T21:00:00.000000,0.000579,0.000887,0.007442,0.000797,0.00089,0.000943,0.00155,0.003354,2.525729,0.410784,0.534737,0.498955,5.205105
2002-03-19T22:00:00.000000,0.000639,0.000737,0.006787,0.000367,0.00087,0.000843,0.00131,0.003175,2.525729,0.360468,0.522952,0.348542,5.514235
2002-03-19T23:00:00.000000,0.0001,0.000617,0.001529,0.000127,0.00015,0.000453,0.00014,0.005942,0.383219,0.290428,0.528862,0.348542,5.17162
2002-03-20T00:00:00.000000,0.00007,0.000547,0.001409,0.000107,0.00013,0.000353,0.00014,0.005942,2.525729,1.842136,0.546386,0.348542,5.150977
2002-03-20T01:00:00.000000,0.00013,0.000537,0.001828,0.000127,0.00022,0.000333,0.000321,0.005942,0.324255,0.284427,0.540579,0.348542,5.454466
2002-03-20T02:00:00.000000,0.000759,0.000617,0.004251,0.000207,0.0008,0.000583,0.00131,0.003095,0.396761,0.262364,0.563608,0.498955,5.519058
2002-03-20T03:00:00.000000,0.000519,0.001898,0.011009,0.000547,0.00079,0.000613,0.00119,0.003454,0.405465,0.250759,0.540579,0.348542,4.908233
2002-03-20T04:00:00.000000,0.000579,0.000607,0.005475,0.000207,0.00089,0.000663,0.002059,0.003653,0.411447,0.311887,0.5579,0.522952,5.328847
2002-03-20T05:00:00.000000,0.000759,0.000617,0.005326,0.000207,0.00092,0.000763,0.00158,0.003574,0.436318,0.307485,0.5579,0.348542,5.317139
2002-03-20T06:00:00.000000,0.000669,0.000727,0.008008,0.000227,0.001039,0.000863,0.001819,0.003843,0.455524,0.34146,0.613563,0.517006,5.401776
2002-03-20T08:00:00.000000,0.000669,0.001079,0.012136,0.000327,0.001089,0.000693,0.00167,0.003663,0.42396,0.37638,0.613563,0.480573,5.632644
2002-03-20T09:00:00.000000,0.001028,0.000937,0.017427,0.000297,0.001109,0.000773,0.00158,0.003892,0.414094,0.354172,0.708036,0.540579,5.83773
2002-03-20T10:00:00.000000,0.001148,0.000877,0.011306,0.000307,0.001149,0.000923,0.001909,0.004072,0.43761,0.355574,0.71295,0.517006,5.888878
2002-03-20T11:00:00.000000,0.000669,0.002686,0.01,0.000277,0.001099,0.001169,0.001789,0.004848,0.444686,0.383901,0.67651,0.534737,6.084499
2002-03-20T13:00:00.000000,0.000729,0.002666,0.00997,0.000267,0.001099,0.004928,0.00161,0.006012,0.408793,0.451076,0.608134,0.468127,6.182085
2002-03-20T14:00:00.000000,0.000669,0.006509,0.006638,0.000287,0.001019,0.001089,0.00149,0.009277,0.390013,0.413433,0.624333,0.505009,6.056784
2002-03-20T15:00:00.000000,0.001178,0.002696,0.007323,0.000257,0.001009,0.002168,0.001759,0.00895,0.37363,0.370874,0.613563,0.468127,5.991465
2002-03-20T16:00:00.000000,0.001178,0.001758,0.007472,0.000607,0.001039,0.002976,0.00146,0.005753,0.400118,0.487352,0.634988,0.505009,6.150603
2002-03-20T17:00:00.000000,0.000639,0.001219,0.007085,0.000437,0.001039,0.001089,0.00152,0.003892,0.349952,0.479954,0.586119,0.348542,5.774552
2002-03-20T18:00:00.000000,0.000729,0.001499,0.025736,0.001209,0.001249,0.001009,0.001879,0.007303,0.332177,0.563608,0.563608,0.498955,5.584248
2002-03-20T19:00:00.000000,0.000699,0.001019,0.014623,0.001019,0.001049,0.000723,0.00158,0.005157,0.322808,0.591114,0.522952,0.348542,4.99315
2002-03-20T20:00:00.000000,0.000639,0.000827,0.008811,0.000627,0.001029,0.000873,0.00161,0.004599,0.281412,0.489193,0.522952,0.348542,4.805659
2002-03-20T21:00:00.000000,0.000699,0.000757,0.010683,0.000397,0.001039,0.000923,0.00161,0.003255,0.212689,0.27079,2.639057,1.150572,4.278054
2002-03-20T22:00:00.000000,0.000759,0.000687,0.006668,0.000307,0.00015,0.000843,0.001789,0.003095,0.182322,0.118672,2.639057,1.150572,4.862908
2002-03-20T23:00:00.000000,0.000549,0.000777,0.022397,0.001279,0.00087,0.000573,0.00125,0.00773,2.525729,1.842136,2.639057,1.150572,4.467057
2002-03-21T00:00:00.000000,0.000849,0.001089,0.015184,0.000337,0.00099,0.000763,0.00005,0.011237,2.525729,1.842136,2.639057,1.150572,4.507557
2002-03-21T01:00:00.000000,0.000639,0.001778,0.02521,0.000347,0.001,0.000773,0.00005,0.010247,2.525729,1.842136,0.348542,0.348542,4.583947
2002-03-21T02:00:00.000000,0.000669,0.001788,0.006131,0.000257,0.001019,0.000793,0.002238,0.010643,2.525729,1.842136,2.639057,1.150572,4.805659
2002-03-21T03:00:00.000000,0.000759,0.001569,0.01542,0.000237,0.001029,0.000723,0.00005,0.010148,2.525729,1.842136,0.348542,0.348542,4.710431
2002-03-21T04:00:00.000000,0.000879,0.002317,0.01669,0.000307,0.001039,0.000743,0.00005,0.012225,2.525729,1.842136,2.639057,1.150572,4.608166
2002-03-21T05:00:00.000000,0.000759,0.001978,0.005475,0.000257,0.001039,0.000793,0.00173,0.010049,2.525729,1.842136,0.348542,0.348542,4.410371
2002-03-21T06:00:00.000000,0.000699,0.001409,0.004639,0.000277,0.001059,0.000723,0.00005,0.01094,2.525729,1.842136,2.639057,1.150572,4.652054
2002-03-21T07:00:00.000000,0.000729,0.001019,0.01092,0.000247,0.001549,0.000753,0.00161,0.005395,2.525729,1.842136,0.348542,0.348542,4.587006
2002-03-21T08:00:00.000000,0.002167,0.009277,0.007293,0.000287,0.001179,0.002028,0.002927,0.006032,2.525729,1.842136,2.639057,1.150572,4.322807
2002-03-21T09:00:00.000000,0.000939,0.001479,0.006668,0.000257,0.001159,0.000733,0.00005,0.003185,2.525729,1.842136,0.348542,0.348542,4.620059
2002-03-21T10:00:00.000000,0.000699,0.000817,0.006668,0.000257,0.001189,0.000843,0.00005,0.003354,2.525729,1.842136,0.348542,0.348542,4.660605
2002-03-21T18:00:00.000000,0.0001,0.000997,0.011365,0.000307,0.00015,0.000713,0.00005,0.003783,2.525729,1.842136,0.511026,0.348542,4.834693
2002-03-21T19:00:00.000000,0.000849,0.000707,0.018694,0.000277,0.00015,0.000763,0.00005,0.003454,2.525729,1.842136,0.348542,0.348542,4.908233
2002-03-21T20:00:00.000000,0.0001,0.000657,0.014711,0.000257,0.00015,0.000603,0.00158,0.003245,2.525729,1.842136,0.505009,0.348542,4.862908
2002-03-21T21:00:00.000000,0.0001,0.000787,0.001529,0.000147,0.00014,0.000303,0.0002,0.003464,2.525729,1.842136,0.348542,0.348542,4.834693
2002-03-21T22:00:00.000000,0.00007,0.000717,0.001319,0.000117,0.00012,0.000293,0.0002,0.003015,0.163818,0.151862,0.511026,0.348542,4.744932
2002-03-21T23:00:00.000000,0.000579,0.001109,0.008067,0.000217,0.001059,0.000603,0.00155,0.003315,0.102557,0.131905,0.348542,0.348542,4.853592
2002-03-22T00:00:00.000000,0.0001,0.000647,0.00443,0.000167,0.00072,0.000483,0.001879,0.005942,0.08379,0.118672,0.348542,0.348542,4.652054
2002-03-22T01:00:00.000000,0.000399,0.000677,0.003175,0.000147,0.00066,0.000413,0.00107,0.005942,0.075015,0.096219,0.348542,0.348542,4.318821
2002-03-22T02:00:00.000000,0.000459,0.000837,0.003175,0.000167,0.00064,0.000473,0.0014,0.003504,0.06906,0.097127,0.348542,0.348542,4.130355
2002-03-22T03:00:00.000000,0.000459,0.001039,0.007144,0.000187,0.00072,0.000793,0.002149,0.003683,2.525729,1.842136,0.511026,0.348542,4.144721
2002-03-22T04:00:00.000000,0.000579,0.000587,0.004848,0.000227,0.00095,0.000843,0.00149,0.003135,0.352767,1.842136,2.639057,1.150572,4.94307
2002-03-22T05:00:00.000000,0.000489,0.001069,0.004579,0.000177,0.00073,0.000813,0.00116,0.003245,2.525729,0.096219,0.511026,0.348542,4.52396
2002-03-22T06:00:00.000000,0.000699,0.000787,0.005475,0.000197,0.00076,0.000693,0.0011,0.003025,2.525729,0.097127,0.613563,0.492865,4.960044
2002-03-22T07:00:00.000000,0.000459,0.000727,0.005296,0.000187,0.00075,0.000573,0.00149,0.005942,0.109751,0.107957,0.528862,0.348542,4.691348
2002-03-22T08:00:00.000000,0.000609,0.001129,0.011158,0.000267,0.00085,0.001768,0.001789,0.005624,2.525729,0.135405,0.634988,0.505009,5.412539
2002-03-22T09:00:00.000000,0.000579,0.001289,0.008395,0.000437,0.00092,0.001539,0.00164,0.005405,2.525729,0.14583,0.640274,0.468127,5.469746
2002-03-22T10:00:00.000000,0.000609,0.001549,0.0486,0.000417,0.00099,0.001659,0.00149,0.005137,2.525729,0.151003,0.760806,0.517006,5.678806
2002-03-22T11:00:00.000000,0.000699,0.002128,0.018841,0.000387,0.001069,0.001099,0.001999,0.004689,0.102557,0.140631,0.71784,0.492865,5.70711
2002-03-22T12:00:00.000000,0.000819,0.003404,0.037103,0.000337,0.001049,0.001289,0.002029,0.006747,0.089566,0.136278,0.691646,0.528862,5.62834
2002-03-22T13:00:00.000000,0.004042,0.007194,0.006668,0.000247,0.001079,0.004341,0.001789,0.004211,0.085811,0.123102,0.629675,0.505009,5.157905
2002-03-22T15:00:00.000000,0.003384,0.006091,0.006101,0.000267,0.001109,0.005545,0.00164,0.004002,0.09185,0.122218,0.597187,0.461845,5.464679
2002-03-22T16:00:00.000000,0.000699,0.000767,0.04258,0.000387,0.00015,0.000613,0.00134,0.009624,0.280657,1.842136,2.639057,1.150572,4.908233
2002-03-22T17:00:00.000000,0.002855,0.01784,0.006757,0.000307,0.001109,0.012126,0.0017,0.005863,2.525729,0.128393,0.640274,0.498955,5.256453
2002-03-22T18:00:00.000000,0.001867,0.025375,0.012077,0.000287,0.001109,0.012818,0.002598,0.00995,2.525729,0.109751,0.580538,0.348542,5.164786
2002-03-22T19:00:00.000000,0.001358,0.090389,0.014179,0.000377,0.001139,0.009079,0.002059,0.011039,2.525729,0.10616,0.591668,0.348542,5.499624
2002-03-22T20:00:00.000000,0.000819,0.09349,0.011691,0.000287,0.001019,0.006121,0.00155,0.007264,2.525729,0.121332,0.5579,0.348542,5.610936
2002-03-22T21:00:00.000000,0.000819,0.068966,0.014859,0.000307,0.00095,0.004151,0.00158,0.007174,2.525729,0.171429,0.580538,0.348542,5.299317
2002-03-22T22:00:00.000000,0.000849,0.010742,0.007353,0.000257,0.00075,0.001988,0.00113,0.005525,2.525729,0.219938,0.534737,0.348542,5.26269
2002-03-22T23:00:00.000000,0.000489,0.010544,0.003474,0.000177,0.00061,0.001279,0.00113,0.004341,2.525729,0.231112,0.563608,0.348542,4.760463
2002-03-23T00:00:00.000000,0.000369,0.000617,0.003175,0.000157,0.00057,0.000433,0.000861,0.003175,0.111541,0.150143,0.629675,0.517006,4.968423
2002-03-23T02:00:00.000000,0.000429,0.004808,0.003653,0.000167,0.00054,0.001059,0.00107,0.004908,2.525729,0.223144,0.522952,0.348542,4.881286
2002-03-23T03:00:00.000000,0.000309,0.003035,0.002876,0.000147,0.00047,0.001009,0.000711,0.00446,2.525729,0.181488,0.552159,0.348542,4.908233
2002-03-23T04:00:00.000000,0.000339,0.002587,0.003384,0.000147,0.00046,0.001049,0.000681,0.00445,2.525729,0.129272,0.528862,0.348542,5.048573
2002-03-23T05:00:00.000000,0.000369,0.013311,0.002876,0.000137,0.00047,0.001289,0.000591,0.007591,2.525729,0.039509,0.552159,0.348542,4.908233
2002-03-23T06:00:00.000000,0.000339,0.001689,0.002876,0.000157,0.00043,0.000663,0.000651,0.005873,2.525729,0.022348,0.546386,0.348542,4.734443
2002-03-23T07:00:00.000000,0.00028,0.001679,0.002607,0.000167,0.00039,0.000543,0.000651,0.003992,2.525729,0.013311,0.624333,0.348542,5.108367
2002-03-23T08:00:00.000000,0.00028,0.000777,0.002936,0.000137,0.00038,0.000363,0.000861,0.003404,0.113329,0.004639,0.602675,0.348542,4.853592
2002-03-23T09:00:00.000000,0.000459,0.000787,0.006101,0.000197,0.00049,0.000393,0.000681,0.003434,0.123986,1.842136,0.66114,0.517006,5.09375
2002-03-23T10:00:00.000000,0.000399,0.000697,0.003833,0.000157,0.00056,0.000653,0.00107,0.003215,0.112435,1.842136,0.586119,0.348542,5.001258
2002-03-23T11:00:00.000000,0.000429,0.000617,0.004669,0.000147,0.00055,0.000413,0.000981,0.003334,0.107957,0.003484,0.602675,0.498955,4.834693
2002-03-23T12:00:00.000000,0.000369,0.000667,0.004639,0.000157,0.00058,0.000413,0.000861,0.003055,0.102557,1.842136,0.563608,0.348542,4.726502
2002-03-23T13:00:00.000000,0.000489,0.000657,0.005952,0.000157,0.00058,0.000413,0.000831,0.003145,0.114221,0.006787,0.597187,0.498955,5.009301
2002-03-23T14:00:00.000000,0.000429,0.000767,0.010326,0.000197,0.00065,0.000503,0.0011,0.003324,0.115113,0.015775,0.629675,0.480573,5.157905
2002-03-23T15:00:00.000000,0.000459,0.000987,0.010505,0.000197,0.00065,0.000543,0.0011,0.00442,0.116894,0.060719,0.580538,0.505009,4.99315
2002-03-23T16:00:00.000000,0.000669,0.000917,0.00437,0.000187,0.00064,0.000513,0.000981,0.003584,0.113329,0.096219,0.586119,0.480573,5.157905
2002-03-23T17:00:00.000000,0.000459,0.000977,0.016631,0.000197,0.00074,0.000553,0.00119,0.003454,0.120446,0.121332,0.691646,0.522952,5.305293
2002-03-23T18:00:00.000000,0.000459,0.001029,0.013528,0.000197,0.00071,0.000543,0.00149,0.003265,0.131028,0.151862,0.645531,0.492865,5.489764
2002-03-23T19:00:00.000000,0.000399,0.000677,0.003803,0.000157,0.0006,0.000433,0.000981,0.002996,0.116004,0.166362,0.586119,0.498955,5.025195
2002-03-23T20:00:00.000000,0.000429,0.000607,0.005952,0.000147,0.00057,0.002287,0.000861,0.005942,0.093126,0.162119,0.569283,0.468127,4.694096
2002-03-23T21:00:00.000000,0.000369,0.000617,0.003175,0.000147,0.00059,0.000433,0.0011,0.005942,0.093035,0.169743,0.597187,0.498955,5.231109
2002-03-23T22:00:00.000000,0.000369,0.000627,0.003922,0.000157,0.00057,0.000493,0.000801,0.002996,0.099845,0.164667,0.574927,0.468127,4.685828
2002-03-23T23:00:00.000000,0.000939,0.000607,0.005952,0.000247,0.001,0.000663,0.00149,0.003633,0.218332,1.842136,2.639057,1.150572,5.17162
2002-03-24T00:00:00.000000,0.000639,0.000817,0.003564,0.000217,0.006469,0.000643,0.00113,0.00625,0.090572,0.06006,0.348542,0.348542,4.530447
2002-03-24T01:00:00.000000,0.000669,0.000637,0.006638,0.000217,0.001039,0.000613,0.002328,0.003474,0.19967,1.842136,2.639057,1.150572,4.94307
2002-03-24T02:00:00.000000,0.000789,0.000727,0.006817,0.000217,0.001029,0.000703,0.00158,0.003643,0.183987,1.842136,2.639057,1.150572,5.033049
2002-03-24T03:00:00.000000,0.000339,0.000607,0.003324,0.000137,0.0005,0.000443,0.000981,0.003015,0.124869,0.136278,0.574927,0.348542,4.815431
2002-03-24T04:00:00.000000,0.000309,0.000557,0.002277,0.000117,0.00039,0.000333,0.000681,0.003095,0.125751,0.204572,0.580538,0.348542,5.32301
2002-03-24T05:00:00.000000,0.000339,0.000617,0.006936,0.000217,0.00059,0.000433,0.00107,0.003713,0.125751,0.256191,0.602675,0.511026,5.178407
2002-03-24T06:00:00.000000,0.000459,0.000657,0.008514,0.000267,0.00056,0.000503,0.000861,0.004331,0.188966,0.296394,0.580538,0.474369,4.757891
2002-03-24T07:00:00.000000,0.000489,0.000637,0.023629,0.000287,0.0005,0.000683,0.000981,0.004948,2.525729,0.3257,0.624333,0.517006,5.793014
2002-03-24T08:00:00.000000,0.000339,0.000737,0.011869,0.000247,0.00048,0.001029,0.000801,0.00456,2.525729,0.306013,0.597187,0.474369,5.755742
2002-03-24T09:00:00.000000,0.000429,0.000607,0.00452,0.000157,0.002118,0.000503,0.00116,0.003574,0.123102,0.377751,0.602675,0.511026,5.438948
2002-03-24T11:00:00.000000,0.000429,0.000567,0.006995,0.000157,0.00015,0.000473,0.000921,0.003384,0.138892,0.708036,0.586119,0.348542,5.945421
2002-03-24T12:00:00.000000,0.000429,0.000892,0.003354,0.000127,0.002377,0.000433,0.000771,0.002996,0.10616,0.670902,0.586119,0.348542,6.042633
2002-03-24T13:00:00.000000,0.000489,0.000677,0.010445,0.000157,0.00077,0.000653,0.000951,0.003912,0.178983,0.610309,0.5579,0.348542,6.006353
2002-03-24T14:00:00.000000,0.000969,0.000667,0.007889,0.000247,0.001229,0.000633,0.001759,0.004141,0.182322,1.842136,2.639057,1.150572,5.129899
2002-03-24T15:00:00.000000,0.000369,0.000577,0.004938,0.000137,0.00015,0.000613,0.000951,0.003265,0.156149,0.5738,0.569283,0.348542,5.953243
2002-03-24T16:00:00.000000,0.000339,0.000527,0.003115,0.000127,0.001309,0.000413,0.000951,0.002956,0.122218,0.439544,0.528862,0.348542,5.57973
2002-03-24T17:00:00.000000,0.000519,0.000892,0.007264,0.000157,0.001748,0.000373,0.00119,0.005942,0.085535,0.256191,0.534737,0.348542,5.198497
2002-03-24T18:00:00.000000,0.000429,0.000892,0.010148,0.000137,0.00015,0.000413,0.000951,0.005942,0.062975,0.169743,0.505009,0.348542,4.713127
2002-03-24T19:00:00.000000,0.000849,0.000667,0.005535,0.000377,0.001029,0.000673,0.00158,0.005187,0.200489,1.842136,2.639057,1.150572,5.464679
2002-03-24T20:00:00.000000,0.000399,0.000892,0.002547,0.000137,0.00015,0.000393,0.00107,0.005942,0.045451,0.129272,0.348542,0.348542,4.543295
2002-03-24T21:00:00.000000,0.000489,0.000892,0.002637,0.000127,0.003424,0.000483,0.00113,0.005942,0.03874,0.090754,0.348542,0.348542,4.290459
2002-03-24T22:00:00.000000,0.000669,0.001209,0.008484,0.000587,0.001169,0.000923,0.002029,0.009019,0.207014,1.842136,2.639057,1.150572,5.385412
2002-03-24T23:00:00.000000,0.000489,0.000892,0.002846,0.000147,0.003793,0.000473,0.000921,0.003075,0.03556,0.090663,0.348542,0.348542,4.369448
2002-03-25T01:00:00.000000,0.000729,0.000797,0.010772,0.000647,0.001079,0.000713,0.002298,0.009604,0.208639,1.842136,2.639057,1.150572,5.593223
2002-03-25T02:00:00.000000,0.000789,0.000557,0.003055,0.000147,0.003155,0.000443,0.00146,0.005942,0.033435,0.06457,0.348542,0.348542,4.213608
2002-03-25T03:00:00.000000,0.000459,0.000892,0.008454,0.000167,0.001459,0.000443,0.00164,0.005942,0.032177,0.098034,0.348542,0.348542,4.290459
2002-03-25T04:00:00.000000,0.000429,0.000597,0.003444,0.000337,0.00015,0.000503,0.000981,0.00631,0.084157,0.150143,0.517006,0.348542,4.960044
2002-03-25T05:00:00.000000,0.000849,0.000737,0.005475,0.000347,0.00015,0.000923,0.00122,0.010247,0.153579,0.178983,0.505009,0.348542,5.198497
2002-03-25T06:00:00.000000,0.000519,0.000867,0.006995,0.000427,0.001529,0.001229,0.00155,0.007164,2.525729,0.169743,0.534737,0.348542,5.299317
2002-03-25T07:00:00.000000,0.000519,0.000697,0.008514,0.000367,0.003613,0.001139,0.00107,0.005286,2.525729,0.168899,0.511026,0.348542,5.346155
2002-03-25T08:00:00.000000,0.000939,0.000597,0.005027,0.000287,0.001549,0.000713,0.00131,0.003514,2.525729,0.168899,0.522952,0.348542,5.268889
2002-03-25T09:00:00.000000,0.000969,0.000867,0.008989,0.000507,0.001039,0.000763,0.001789,0.01479,0.192272,1.842136,2.639057,1.150572,5.407172
2002-03-25T10:00:00.000000,0.000609,0.000637,0.004878,0.000367,0.004271,0.000983,0.00116,0.003623,0.258511,0.136278,0.505009,0.348542,5.191845
2002-03-25T11:00:00.000000,0.000579,0.000587,0.004191,0.000237,0.002477,0.000653,0.00113,0.003384,0.31335,0.095037,0.528862,0.498955,5.504518
2002-03-25T12:00:00.000000,0.0001,0.000537,0.001858,0.000087,0.00035,0.000383,0.00014,0.005942,0.34288,0.10616,0.522952,0.348542,5.136974
2002-03-25T14:00:00.000000,0.000639,0.002836,0.019548,0.000467,0.004331,0.003394,0.00137,0.005505,0.358374,0.128393,0.511026,0.348542,5.144
2002-03-25T15:00:00.000000,0.000579,0.000657,0.003952,0.000197,0.00015,0.000673,0.00113,0.003095,0.394741,0.146694,0.528862,0.348542,5.275049
2002-03-25T16:00:00.000000,0.000489,0.000597,0.003743,0.000177,0.005485,0.000633,0.00134,0.003105,0.394067,0.135405,0.534737,0.348542,5.191845
2002-03-25T18:00:00.000000,0.000969,0.000757,0.005296,0.000297,0.00015,0.000733,0.00146,0.003823,0.398105,0.173113,0.511026,0.348542,5.474789
2002-03-25T19:00:00.000000,0.000579,0.000617,0.003653,0.000297,0.00015,0.000833,0.00137,0.003504,0.350657,0.116004,0.528862,0.348542,5.275049
2002-03-25T20:00:00.000000,0.000789,0.000787,0.009019,0.000427,0.001029,0.000773,0.00158,0.012521,0.172271,1.842136,2.639057,1.150572,5.444148
2002-03-25T21:00:00.000000,0.000609,0.000597,0.003803,0.000207,0.009168,0.000673,0.001879,0.003105,0.188966,0.107957,0.348542,0.348542,4.984976
2002-03-25T22:00:00.000000,0.000519,0.000892,0.003265,0.000157,0.005982,0.000573,0.00119,0.005942,0.136278,0.119559,0.517006,0.348542,5.056246
2002-03-25T23:00:00.000000,0.000549,0.000817,0.004072,0.000417,0.001938,0.000683,0.00116,0.00888,0.215111,0.177309,0.498955,0.348542,5.305293
