date,124-trimethylbenzene,224-trimethylpentane,234-trimethylpentane,23-dimethylbutane,23-dimethylpentane,2-methylheptane,3-methylhexane,3-methylpentane,acetylene,benzene,cis-2-butene,cis-2-pentene,ethane,ethylbenzene,ethylene,isobutane,isopentane,isoprene,isopropylbenzene,m_p_xylene,m-diethylbenzene,m-ethyltoluene,n-butane,n-decane,n-heptane,n-hexane,n-nonane,n-octane,n-pentane,n-propylbenzene,n-undecane,o-ethyltoluene,o-xylene,propane,propylene,styrene,toluene,trans-2-butene,trans-2-pentene,unidentified,tnmoc
2005-06-01T06:00:00.000000,0.0795,0.234,0.069,0.087,0.0345,0.0555,0.0675,0.369,0.309,0.297,0.008333,0.0345,1.036501,0.0645,1.776001,3.993002,0.823501,0.18,0.008333,0.1905,0.008333,0.0615,0.6585,0.0405,0.0975,2.682002,0.0615,0.06,0.3945,0.008333,0.042,0.008333,0.153,2.664002,2.880002,0.0585,0.4935,0.008333,0.21,15.866408,667.2516
2005-06-02T03:00:00.000000,0.4095,0.6975,0.3825,0.216,0.132,0.114,0.276,0.552,0.393,0.534,0.2295,0.1725,2.118001,0.2475,0.879001,1.204501,2.308501,0.3555,0.036,0.877501,0.0585,0.33,1.576501,0.105,0.2445,0.936001,0.0855,0.12,1.027501,0.075,0.102,0.1095,0.324,2.155501,0.930001,0.1125,1.813501,0.3615,0.333,59.822802,1090.1828
2005-06-02T06:00:00.000000,0.1935,0.699,0.1905,0.3105,0.1455,0.0825,0.222,0.582,0.3735,0.501,0.06,0.105,2.359501,0.138,0.585,1.242001,3.663002,0.501,0.008333,0.4635,0.03,0.1305,4.072503,0.0645,0.216,0.843001,0.0585,0.111,1.695001,0.042,0.06,0.0615,0.18,2.953502,0.6315,0.0645,0.918001,0.0795,0.195,11.589198,754.694
2005-06-03T03:00:00.000000,0.6255,1.018501,0.327,0.12,0.1545,0.1185,0.318,0.741,0.6735,0.810001,0.0465,0.1425,2.985002,0.426,1.932001,1.572001,3.099002,1.084501,0.069,1.363501,0.069,0.582,2.184001,0.159,0.2865,0.892501,0.1425,0.114,1.701001,0.1365,0.1305,0.1995,0.5265,2.388001,0.552,0.2865,2.514002,0.042,0.2775,38.617111,1130.5374
2005-06-04T03:00:00.000000,0.237,0.3825,0.1215,0.15,0.081,0.057,0.162,0.3165,0.312,0.438,0.008333,0.054,3.034502,0.192,0.942001,1.306501,1.656001,0.066,0.008333,0.6405,0.008333,0.177,1.503001,0.0645,0.1845,0.447,0.0885,0.093,0.916501,0.039,0.0585,0.0915,0.24,2.124001,0.381,0.0885,1.123501,0.008333,0.141,15.276988,599.8962
2005-06-04T06:00:00.000000,0.147,0.1785,0.0585,0.078,0.0405,0.027,0.096,0.2565,0.291,0.5865,0.0255,0.0255,2.442002,0.1275,2.058001,0.4485,0.774,0.852001,0.008333,0.441,0.042,0.09,0.6495,0.0405,0.1215,0.6045,0.042,0.051,0.486,0.008333,0.033,0.123,0.165,1.260001,2.095501,0.048,0.7185,0.0225,0.0915,22.595042,597.8006
2005-06-05T03:00:00.000000,0.1575,0.252,0.0915,0.063,0.09,0.042,0.087,0.63,0.2445,0.612,0.033,0.0555,3.412502,0.1575,1.669501,0.913501,1.227001,0.09,0.008333,0.4215,0.008333,0.1785,1.276501,0.0705,0.1425,3.036002,0.0675,0.0675,0.72,0.0465,0.0555,0.0555,0.1635,1.933501,0.5715,0.138,0.808501,0.0255,0.008333,16.398584,654.089
2005-06-05T06:00:00.000000,0.144,0.2535,0.0855,0.0465,0.06,0.0315,0.0675,0.3375,0.2295,0.3525,0.008333,0.0405,1.501501,0.1455,0.5205,0.552,1.020001,0.871501,0.008333,0.4515,0.008333,0.1575,1.173001,0.048,0.1065,0.27,0.0465,0.051,0.5745,0.0375,0.0375,0.0735,0.168,1.225501,0.405,0.0885,0.7935,0.008333,0.072,20.61745,486.0598
2005-06-06T03:00:00.000000,0.1395,0.312,0.0975,0.126,0.054,0.0405,0.099,0.393,0.2475,0.231,0.008333,0.063,1.026001,0.1005,0.3345,0.279,1.291501,0.111,0.008333,0.366,0.008333,0.1575,1.060501,0.039,0.1275,1.767001,0.0825,0.099,0.6135,0.008333,0.008333,0.039,0.1455,0.894001,0.1935,0.0435,0.579,0.0615,0.1305,36.433101,594.085
2005-06-06T06:00:00.000000,0.1605,0.294,0.096,0.084,0.057,0.042,0.1365,0.186,0.348,0.3285,0.008333,0.033,0.933001,0.1545,0.5565,0.285,0.838501,1.101001,0.008333,0.459,0.008333,0.1695,0.6705,0.033,0.1425,0.27,0.039,0.0675,0.4695,0.008333,0.008333,0.1035,0.1695,1.131001,0.249,0.054,0.813001,0.057,0.105,12.821903,386.3154
2005-06-07T03:00:00.000000,0.3015,0.453,0.156,0.1575,0.093,0.063,0.177,0.372,0.414,0.4095,0.027,0.0735,1.501501,0.207,0.984001,0.7545,1.578001,0.219,0.008333,0.7095,0.0255,0.4635,1.021501,0.0855,0.1755,0.937501,0.093,0.102,0.832501,0.0555,0.0735,0.0885,0.2535,1.440001,0.5715,0.153,1.173001,0.0915,0.144,69.810866,996.6672
2005-06-07T06:00:00.000000,0.2625,0.4665,0.1695,0.147,0.093,0.0645,0.168,0.3525,0.51,0.4245,0.0405,0.0675,1.144501,0.201,1.158001,0.585,1.275001,0.924001,0.0285,0.645,0.0345,0.21,0.837001,0.084,0.141,0.5145,0.069,0.0885,0.636,0.0525,0.06,0.1185,0.2445,1.228501,0.4935,0.09,1.044001,0.0255,0.126,36.357994,686.1842
2005-06-08T03:00:00.000000,0.333,0.5325,0.1995,0.2505,0.1155,0.0795,0.237,0.765,0.960001,1.023001,0.0705,0.093,5.260503,0.3165,2.509502,1.203001,2.538002,0.213,0.008333,0.777,0.054,0.2235,1.711501,0.111,0.2505,1.396501,0.1005,0.123,1.486501,0.06,0.102,0.0855,0.2715,2.769002,1.242001,0.165,1.513501,0.0975,0.18,26.767589,998.6812
2005-06-08T06:00:00.000000,0.3225,0.4785,0.162,0.2085,0.102,0.0855,0.2265,0.597,0.7035,1.017001,0.066,0.069,3.190502,0.2565,2.487002,0.970501,1.878001,1.051501,0.0555,0.6795,0.039,0.1995,1.441501,0.1665,0.1935,1.101001,0.1605,0.15,1.087501,0.0555,0.1155,0.1185,0.2445,2.428502,1.251001,0.0855,1.297501,0.1245,0.1395,31.011173,914.9298
2005-06-09T03:00:00.000000,0.2445,0.4485,0.165,0.0885,0.1185,0.0525,0.0345,0.531,0.3285,0.4005,0.051,0.102,1.482001,0.2265,0.819001,0.7095,1.744501,0.198,0.036,0.6765,0.008333,0.2205,1.527001,0.0795,0.1815,0.5865,0.087,0.084,0.909001,0.0585,0.057,0.072,0.24,1.743001,0.456,0.141,1.312501,0.033,0.144,17.883966,580.132
2005-06-10T03:00:00.000000,0.1035,0.1185,0.0495,0.021,0.008333,0.008333,0.0435,0.1035,0.12,0.117,0.078,0.008333,0.5625,0.057,0.2265,0.156,0.825001,0.2955,0.008333,0.1935,0.008333,0.008333,0.4725,0.008333,0.0645,0.2025,0.008333,0.0345,0.3645,0.008333,0.008333,0.008333,0.0555,0.537,0.0855,0.008333,0.3375,0.129,0.036,25.504989,348.0
2005-06-10T06:00:00.000000,0.084,0.0855,0.033,0.008333,0.008333,0.008333,0.0405,0.081,0.123,0.1185,0.008333,0.008333,0.492,0.051,0.1875,0.174,0.6975,0.7185,0.008333,0.1665,0.008333,0.008333,0.51,0.008333,0.0555,0.207,0.008333,0.008333,0.318,0.008333,0.008333,0.008333,0.057,0.5235,0.0915,0.008333,0.2655,0.008333,0.008333,15.022489,256.0
2005-06-11T06:00:00.000000,0.207,0.3945,0.1335,0.108,0.069,0.036,0.063,0.399,0.306,0.3525,0.027,0.054,1.810501,0.1635,0.6255,0.501,1.123501,1.321501,0.008333,0.5025,0.045,0.213,1.254001,0.048,0.1215,0.3255,0.054,0.0585,0.6405,0.033,0.051,0.0915,0.1815,1.555501,0.246,0.0915,0.990001,0.0315,0.0975,6.205385,431.70332
2005-06-12T03:00:00.000000,0.3705,0.829501,0.267,0.2505,0.1275,0.087,0.162,1.164001,0.5205,0.5355,0.078,0.1245,1.564501,0.2595,0.7485,0.729,2.305501,0.5925,0.008333,0.852001,0.1035,0.675,1.935001,0.0615,0.2205,5.008503,0.0555,0.111,1.356001,0.0585,0.051,0.099,0.3165,1.728001,0.345,0.1395,1.738501,0.0945,0.243,132.637446,1752.0
2005-06-12T06:00:00.000000,0.126,0.4185,0.1305,0.1635,0.054,0.0315,0.0345,0.4635,0.2625,0.435,0.008333,0.033,1.264501,0.1215,1.155001,0.537,1.357501,0.6255,0.008333,0.3135,0.008333,0.0795,1.078501,0.042,0.0765,0.3975,0.048,0.054,0.6585,0.008333,0.0375,0.0555,0.129,0.991501,0.4635,0.008333,0.759,0.008333,0.0525,13.984974,444.0
2005-06-13T03:00:00.000000,0.2235,0.363,0.129,0.12,0.069,0.0405,0.0375,0.381,0.2325,0.6585,0.008333,0.048,3.358502,0.4125,1.110001,0.717,1.222501,0.087,0.008333,0.4515,0.008333,0.1725,1.323001,0.0855,0.12,0.3735,0.06,0.057,0.72,0.039,0.048,0.045,0.21,1.881001,0.3225,0.2325,1.083001,0.008333,0.078,22.449966,620.0
2005-06-13T06:00:00.000000,0.231,0.3735,0.1305,0.126,0.0615,0.039,0.1305,0.4065,0.3315,0.561,0.024,0.0555,2.455502,0.222,1.288501,0.877501,1.438501,0.910501,0.008333,0.4455,0.008333,0.15,1.668001,0.063,0.126,0.5685,0.0645,0.0495,0.991501,0.039,0.048,0.0855,0.177,2.194501,0.405,0.108,0.954001,0.015,0.093,18.299963,624.0
2005-06-18T03:00:00.000000,0.1245,0.4575,0.1725,0.1215,0.0555,0.024,0.0945,0.573,0.1425,0.2835,0.008333,0.063,1.339501,0.096,0.5145,0.4905,1.663501,0.1035,0.008333,0.27,0.008333,0.078,1.032001,0.0465,0.129,1.492501,0.054,0.048,0.7065,0.008333,0.036,0.0255,0.1095,1.297501,0.2835,0.123,0.615,0.008333,0.105,16.715733,474.38608
2005-06-18T06:00:00.000000,0.0825,0.1695,0.0615,0.0675,0.008333,0.008333,0.078,0.2955,0.1785,0.1875,0.008333,0.0375,1.011001,0.0735,0.342,0.309,0.606,0.3015,0.008333,0.2085,0.008333,0.0885,0.513,0.008333,0.0585,0.273,0.008333,0.0315,0.4725,0.008333,0.008333,0.008333,0.0735,1.012501,0.267,0.1095,0.4215,0.008333,0.0315,14.325025,311.14032
2005-06-19T03:00:00.000000,0.008333,0.2715,0.093,0.09,0.0525,0.036,0.0915,0.183,0.213,0.2445,0.008333,0.008333,1.188001,0.0915,0.3345,0.324,1.135501,0.3945,0.008333,0.2655,0.008333,0.0615,0.7785,0.072,0.114,0.222,0.0315,0.0705,0.54,0.008333,0.008333,0.0345,0.1815,1.081501,0.159,0.008333,0.5625,0.008333,0.051,35.341531,522.0724
2005-06-20T03:00:00.000000,0.008333,0.219,0.075,0.177,0.0405,0.048,0.093,0.189,0.228,0.201,0.008333,0.008333,1.150501,0.0825,0.324,0.33,0.888001,0.585,0.008333,0.264,0.008333,0.048,0.6795,0.008333,0.105,0.2865,0.008333,0.06,0.4725,0.008333,0.008333,0.008333,0.1065,1.165501,0.186,0.008333,0.4845,0.008333,0.0585,24.391072,423.28872
2005-06-20T06:00:00.000000,0.008333,0.3645,0.12,0.0855,0.084,0.051,0.117,0.246,0.354,0.3285,0.008333,0.0345,1.233001,0.129,0.5115,0.3375,1.357501,0.811501,0.008333,0.6,0.008333,0.108,0.868501,0.008333,0.1425,0.399,0.0495,0.0555,0.5565,0.008333,0.008333,0.0345,0.1965,1.333501,0.2055,0.0405,0.927001,0.008333,0.0885,15.48715,437.9374
2005-06-22T03:00:00.000000,0.4995,0.964501,0.315,0.288,0.171,0.111,0.3285,0.7245,0.606,0.925501,0.027,0.108,5.097003,0.3615,0.873001,1.177501,2.692502,0.213,0.008333,1.303501,0.008333,0.507,1.722001,0.1065,0.339,2.239501,0.1155,0.2085,1.363501,0.078,0.096,0.1545,0.459,3.016502,0.4005,0.1005,2.419502,0.008333,0.2085,30.202612,1050.2414
2005-06-22T06:00:00.000000,0.3885,1.207501,0.3885,0.3435,0.162,0.096,0.297,1.078501,0.756,0.7755,0.06,0.1485,3.364502,0.303,3.909002,2.887502,3.049502,1.056001,0.008333,0.943501,0.129,0.297,1.923001,0.174,0.2595,2.292001,0.1605,0.1965,1.582501,0.072,0.0945,0.165,0.3405,4.405503,3.283502,0.1125,1.908001,0.1455,0.3015,27.584518,1262.2168
2005-06-23T03:00:00.000000,0.008333,0.1485,0.051,0.1065,0.0375,0.048,0.0675,0.6765,0.1935,0.294,0.008333,0.036,2.464502,0.12,1.135501,0.549,1.234501,0.114,0.0375,0.27,0.008333,0.0375,0.708,0.1125,0.0945,5.755504,0.0465,0.066,0.42,0.008333,0.008333,0.008333,0.174,1.581001,0.2325,0.093,0.531,0.0375,0.042,118.687088,1416.697
2005-06-24T03:00:00.000000,0.008333,0.702,0.237,0.1785,0.1125,0.072,0.1785,0.393,0.489,0.57,0.008333,0.0735,1.945501,0.2715,0.7785,0.6585,1.774501,0.213,0.018,0.918001,0.008333,0.222,1.152001,0.12,0.21,0.861001,0.0825,0.099,0.867001,0.0585,0.06,0.0735,0.315,1.446001,0.438,0.0435,1.609501,0.008333,0.132,74.572564,1059.9408
2005-06-24T06:00:00.000000,0.008333,1.083001,0.4065,0.372,0.156,0.0945,0.2505,0.871501,0.6135,0.792,0.054,0.1095,2.398502,0.309,2.847002,5.449503,3.405002,0.771,0.008333,0.981001,0.0735,0.2085,1.986001,0.0975,0.258,2.638502,0.105,0.144,1.314001,0.0435,0.072,0.0975,0.4815,4.506003,3.286502,0.0765,1.726501,0.0855,0.1875,17.647345,1163.9394
2005-06-25T03:00:00.000000,0.008333,0.4215,0.147,0.126,0.0795,0.0465,0.129,0.4065,0.348,0.435,0.008333,0.057,1.864501,0.1485,0.549,0.588,1.452001,0.138,0.008333,0.597,0.008333,0.1455,1.005001,0.054,0.1695,1.948501,0.048,0.0855,0.7485,0.0345,0.0615,0.0465,0.186,1.641001,0.2205,0.06,1.159501,0.008333,0.087,36.557868,698.8032
2005-06-25T06:00:00.000000,0.008333,0.426,0.135,0.102,0.072,0.0435,0.117,0.2385,0.417,0.4095,0.008333,0.0345,1.380001,0.138,0.5715,0.3615,0.969001,0.801001,0.008333,0.504,0.008333,0.096,0.6375,0.0525,0.1035,0.2925,0.0435,0.063,0.4965,0.0435,0.0345,0.069,0.1815,1.074001,0.243,0.008333,0.984001,0.008333,0.0555,22.788177,480.8256
2005-06-26T03:00:00.000000,0.2505,0.895501,0.21,0.3915,0.135,0.0795,0.2205,2.284501,0.2655,0.543,0.0705,0.3045,2.422502,0.141,7.423505,2.290501,2.868002,0.1245,0.039,0.5145,0.024,0.2175,2.544002,0.1245,0.243,5.712004,0.117,0.1335,2.467502,0.0375,0.036,0.036,0.165,2.994002,2.574002,0.1965,1.017001,0.0825,0.4545,89.497165,1799.978
2005-06-26T06:00:00.000000,0.1035,0.2745,0.0855,0.084,0.054,0.0345,0.0855,0.3135,0.243,0.4335,0.008333,0.0285,1.446001,0.0975,0.6075,0.5925,1.021501,0.63,0.008333,0.2655,0.008333,0.1065,1.068001,0.075,0.09,0.3765,0.0495,0.054,0.5475,0.024,0.027,0.0495,0.0945,1.170001,0.2175,0.045,0.6435,0.008333,0.0315,27.433302,514.7466
2005-06-27T03:00:00.000000,0.008333,0.72,0.2655,0.1575,0.1185,0.0705,0.2115,0.75,0.534,0.522,0.0315,0.0765,2.023501,0.219,2.835002,0.999001,1.983001,0.1005,0.008333,0.807001,0.008333,0.267,0.987001,0.156,0.2505,3.840002,0.093,0.18,1.020001,0.084,0.008333,0.099,0.339,1.663501,0.4785,0.057,1.500001,0.008333,0.1395,83.923601,1300.2492
2005-06-27T06:00:00.000000,0.008333,0.5955,0.1935,0.5835,0.129,0.117,0.243,0.786,0.546,0.6195,0.0345,0.144,2.451002,0.1665,1.048501,0.991501,4.332003,0.6585,0.008333,0.6135,0.008333,0.1515,2.029501,0.048,0.2415,2.437502,0.063,0.096,1.728001,0.042,0.075,0.066,0.2145,2.151001,0.567,0.008333,1.303501,0.0645,0.2565,68.425146,1235.1616
2005-06-28T03:00:00.000000,0.321,0.5505,0.192,0.0615,0.0975,0.165,0.114,0.741,0.372,0.417,0.024,0.078,1.318501,0.216,0.777,0.5475,1.536001,0.195,0.008333,0.870001,0.008333,0.438,0.897001,0.1785,0.24,3.516002,0.246,0.3495,0.874501,0.0495,0.1245,0.0795,0.243,1.188001,0.426,0.195,1.644001,0.0225,0.1545,97.458409,1298.6276
2005-06-28T06:00:00.000000,0.114,0.2565,0.0855,0.324,0.036,0.008333,0.0525,0.273,0.1935,0.2355,0.008333,0.033,0.6465,0.1125,0.4905,0.2355,0.639,0.615,0.008333,0.327,0.008333,0.1425,0.606,0.0525,0.084,0.231,0.0405,0.0435,0.3975,0.008333,0.0435,0.057,0.1245,0.5895,0.1785,0.0675,0.6405,0.008333,0.048,47.447283,593.4584
2005-06-29T03:00:00.000000,0.666,1.458001,0.501,0.237,0.2295,0.1455,0.1215,0.909001,0.897001,1.059001,0.0435,0.18,2.782502,0.4635,1.915501,1.407001,3.699002,0.195,0.105,1.467001,0.063,0.6045,2.131501,0.1485,0.3495,1.257001,0.1425,0.165,1.960501,0.1125,0.1245,0.174,0.5595,2.587502,0.6495,0.453,3.126002,0.0315,0.354,44.58343,1249.348
2005-06-29T06:00:00.000000,0.2745,0.69,0.2235,0.249,0.1005,0.0675,0.066,0.829501,0.5295,0.816001,0.008333,0.0585,2.190001,0.219,0.5715,1.143001,1.708501,0.906001,0.0375,0.624,0.0405,0.2265,1.386001,0.129,0.1575,0.786,0.0735,0.072,0.940501,0.0465,0.0645,0.1035,0.2355,2.079001,0.5745,0.084,1.336501,0.0225,0.105,9.181424,600.59172
2005-06-30T03:00:00.000000,0.008333,0.294,0.111,0.2325,0.0885,0.0495,0.171,0.54,0.438,0.369,0.008333,0.042,2.544002,0.129,0.768,0.825001,2.301001,0.084,0.0375,0.4725,0.008333,0.1275,1.156501,0.0675,0.1575,0.726,0.0615,0.075,0.807001,0.0345,0.0525,0.042,0.1485,1.945501,0.27,0.069,0.825001,0.008333,0.0765,5.736761,476.33436
2005-07-01T03:00:00.000000,0.0735,0.105,0.0465,0.084,0.0345,0.027,0.075,0.246,0.1635,0.201,0.008333,0.0165,1.632001,0.0495,0.2955,0.6555,0.7125,0.2055,0.008333,0.1785,0.0165,0.0795,0.808501,0.0465,0.081,1.302001,0.042,0.0345,0.402,0.0225,0.054,0.027,0.066,1.525501,0.1575,0.0345,0.333,0.008333,0.0285,4.205572,296.70474
2005-07-01T06:00:00.000000,0.0765,0.1545,0.0405,0.069,0.0405,0.0375,0.0915,0.258,0.0795,0.246,0.008333,0.018,1.456501,0.033,0.321,0.5745,0.663,0.4245,0.008333,0.114,0.008333,0.048,0.735,0.06,0.081,1.110001,0.0555,0.057,0.36,0.008333,0.0765,0.033,0.0435,1.449001,0.1545,0.0405,0.2595,0.008333,0.0195,11.530101,339.82096
2005-07-02T03:00:00.000000,0.0405,0.081,0.008333,0.008333,0.008333,0.008333,0.039,0.3735,0.0975,0.249,0.008333,0.008333,1.161001,0.0435,0.378,0.48,0.678,0.219,0.008333,0.093,0.008333,0.008333,0.675,0.008333,0.0525,1.282501,0.008333,0.008333,0.3285,0.008333,0.008333,0.008333,0.0405,1.084501,0.1215,0.081,0.2835,0.008333,0.12,8.213358,279.427
2005-07-02T06:00:00.000000,0.045,0.1185,0.008333,0.0945,0.0435,0.008333,0.0615,0.429,0.087,0.2355,0.008333,0.057,1.887001,0.0495,0.3945,1.272001,1.383001,0.315,0.008333,0.093,0.008333,0.008333,2.196001,0.008333,0.123,0.895501,0.008333,0.0375,0.684,0.008333,0.008333,0.008333,0.039,2.865002,0.165,0.075,0.2745,0.008333,0.048,7.292896,431.0634
2005-07-03T03:00:00.000000,0.2505,0.486,0.1845,0.18,0.1095,0.0435,0.213,1.086001,0.4815,0.7485,0.008333,0.063,2.506502,0.144,2.421002,0.865501,2.158501,0.1215,0.048,0.567,0.008333,0.144,1.086001,0.063,0.1785,3.331502,0.069,0.0945,1.182001,0.0435,0.0555,0.054,0.2175,1.951501,0.5565,0.06,1.162501,0.008333,0.129,33.877427,885.9198
2005-07-04T03:00:00.000000,0.1815,0.2565,0.084,0.1245,0.06,0.008333,0.036,0.462,0.4245,0.75,0.075,0.066,4.501503,0.2175,2.037001,1.089001,1.659001,0.1635,0.008333,0.3495,0.008333,0.1275,1.458001,0.069,0.12,1.056001,0.0735,0.042,0.955501,0.008333,0.069,0.0375,0.1365,2.088001,1.935001,0.2925,0.984001,0.084,0.1275,4.285079,626.161
2005-07-04T06:00:00.000000,0.0735,0.201,0.0615,0.1065,0.039,0.033,0.1515,0.489,0.225,1.189501,0.0405,0.033,4.089003,0.1335,2.221501,0.726,1.236001,1.119001,0.008333,0.222,0.008333,0.0555,1.267501,0.0495,0.1095,1.146001,0.045,0.0405,0.7905,0.008333,0.0495,0.0735,0.078,1.527001,1.734001,0.219,1.200001,0.045,0.066,33.629531,826.0566
2005-07-05T03:00:00.000000,0.2565,0.579,0.198,0.165,0.096,0.063,0.177,0.3735,0.4575,0.399,0.008333,0.0915,1.546501,0.1965,0.678,0.537,1.596001,0.3435,0.008333,0.7065,0.008333,0.2895,0.903001,0.069,0.1635,0.975001,0.072,0.0975,0.777,0.054,0.057,0.096,0.252,1.452001,0.3705,0.069,1.303501,0.2685,0.156,14.391069,538.78882
2005-07-05T06:00:00.000000,0.2985,0.5265,0.174,0.1575,0.096,0.06,0.177,0.324,0.3915,0.4155,0.021,0.0795,1.377001,0.1725,0.883501,0.618,1.776001,0.903001,0.008333,0.585,0.008333,0.207,0.958501,0.048,0.159,0.4425,0.054,0.0825,0.744,0.042,0.042,0.0915,0.216,1.489501,0.705,0.0705,1.170001,0.159,0.138,29.135117,655.9212
2005-07-07T03:00:00.000000,0.1185,0.2025,0.066,0.0585,0.033,0.008333,0.0705,0.1035,0.171,0.1515,0.008333,0.03,0.3855,0.069,0.285,0.117,0.5595,0.2805,0.008333,0.252,0.008333,0.1035,0.2955,0.0705,0.075,0.1125,0.0675,0.0465,0.252,0.008333,0.0795,0.0465,0.096,0.339,0.111,0.033,0.471,0.008333,0.06,6.011049,187.20848
2005-07-07T06:00:00.000000,0.168,0.303,0.099,0.0825,0.0585,0.0195,0.1065,0.1665,0.2595,0.2445,0.008333,0.0525,0.4725,0.1065,0.444,0.168,0.855001,0.883501,0.008333,0.3675,0.008333,0.1125,0.408,0.0405,0.087,0.174,0.051,0.0585,0.36,0.03,0.0345,0.0975,0.1395,0.4785,0.186,0.0345,0.6705,0.008333,0.0915,8.042131,275.37718
2005-07-08T03:00:00.000000,0.093,0.174,0.0585,0.0765,0.0465,0.012,0.0705,0.423,0.255,0.2445,0.012,0.018,2.098501,0.06,0.738,0.6555,0.7455,0.069,0.008333,0.279,0.033,0.0615,0.675,0.0585,0.0735,2.205001,0.03,0.0375,0.3855,0.0495,0.024,0.0225,0.0795,1.780501,0.273,0.069,0.4005,0.0135,0.0345,16.434749,463.0982
2005-07-08T06:00:00.000000,0.192,0.4215,0.156,0.1845,0.072,0.0495,0.1335,0.462,0.4065,1.257001,0.0255,0.078,3.166502,0.1425,2.232001,1.120501,1.618501,0.7545,0.054,0.4275,0.048,0.1305,1.398001,0.099,0.153,1.384501,0.0765,0.132,0.850501,0.036,0.0705,0.063,0.1605,2.799002,0.4395,0.048,0.810001,0.024,0.081,20.97723,748.0182
2005-07-09T03:00:00.000000,0.1245,0.321,0.093,0.123,0.0555,0.042,0.114,0.2535,0.195,0.2475,0.008333,0.051,1.419001,0.099,0.3495,0.6525,1.276501,0.459,0.008333,0.369,0.008333,0.1965,0.967501,0.027,0.135,0.6405,0.0615,0.0885,0.681,0.008333,0.008333,0.0525,0.1275,1.422001,0.141,0.06,0.6645,0.008333,0.0825,31.544676,561.5976
2005-07-09T06:00:00.000000,0.177,0.3405,0.111,0.09,0.054,0.021,0.099,0.18,0.2475,0.2775,0.008333,0.036,1.198501,0.1005,0.3525,0.363,1.066501,1.123501,0.008333,0.3495,0.008333,0.1575,0.5835,0.008333,0.1035,0.285,0.0345,0.0555,0.4425,0.027,0.008333,0.0645,0.1245,1.005001,0.144,0.0405,0.69,0.008333,0.057,18.288369,413.14712
2005-07-10T03:00:00.000000,0.108,0.1875,0.0435,0.111,0.0375,0.0255,0.0795,0.2985,0.057,0.102,0.008333,0.063,0.5895,0.0585,0.1335,0.303,1.441501,0.1185,0.008333,0.1845,0.008333,0.114,0.996001,0.0375,0.1155,1.446001,0.093,0.1005,0.6885,0.008333,0.008333,0.008333,0.0705,0.985501,0.057,0.0315,0.2985,0.008333,0.111,12.598441,343.24768
2005-07-10T06:00:00.000000,0.0495,0.18,0.0345,0.1155,0.036,0.0375,0.0885,0.3255,0.06,0.1185,0.008333,0.054,0.801001,0.051,0.1365,0.4185,1.519501,0.528,0.008333,0.1635,0.008333,0.078,1.254001,0.045,0.1335,1.512001,0.1005,0.111,0.802501,0.008333,0.008333,0.054,0.0555,1.278001,0.0615,0.141,0.2685,0.008333,0.105,14.734465,403.7959
2005-07-11T06:00:00.000000,0.008333,0.0765,0.008333,0.008333,0.008333,0.008333,0.0405,0.186,0.12,0.0885,0.008333,0.036,1.003501,0.036,0.3735,0.3525,0.5385,0.57,0.008333,0.0825,0.008333,0.008333,0.855001,0.008333,0.0405,0.2865,0.008333,0.008333,0.2655,0.008333,0.008333,0.008333,0.033,1.131001,0.0945,0.008333,0.1965,0.008333,0.027,5.233839,213.77082
2005-07-12T03:00:00.000000,0.1755,0.2835,0.093,0.1335,0.0645,0.0495,0.138,0.258,0.2145,0.36,0.008333,0.033,2.769002,0.096,0.912001,1.344001,1.879501,0.096,0.231,0.3015,0.008333,0.0975,1.632001,0.045,0.18,0.39,0.0555,0.0885,0.922501,0.008333,0.033,0.0675,0.114,2.592002,0.174,0.036,0.6465,0.2265,0.0615,12.49609,547.869
2005-07-12T06:00:00.000000,0.1785,0.3045,0.111,0.111,0.0555,0.024,0.123,0.21,0.4455,0.5205,0.008333,0.0315,2.208001,0.0885,2.776502,0.909001,1.716001,1.071001,0.06,0.2835,0.008333,0.081,1.164001,0.0435,0.1245,0.294,0.0465,0.1515,0.783,0.008333,0.0315,0.075,0.12,1.780501,0.27,0.0405,0.6255,0.008333,0.072,25.632165,656.6176
2005-07-13T06:00:00.000000,0.126,0.2265,0.102,0.105,0.066,0.042,0.132,0.2895,0.2625,0.21,0.0345,0.0495,1.504501,0.078,1.219501,0.513,1.155001,1.134001,0.008333,0.2175,0.008333,0.075,0.768,0.027,0.114,0.717,0.03,0.0675,0.4845,0.008333,0.027,0.0615,0.075,1.315501,0.2625,0.03,0.474,0.024,0.0885,15.487375,446.8392
2005-07-15T03:00:00.000000,0.1725,0.246,0.096,0.039,0.0375,0.0255,0.102,0.363,0.231,0.483,0.008333,0.042,2.229001,0.1335,0.924001,0.7725,1.218001,0.189,0.033,0.273,0.008333,0.084,1.215001,0.063,0.114,0.892501,0.051,0.042,0.6255,0.008333,0.0465,0.008333,0.1065,1.813501,0.7065,0.099,0.672,0.008333,0.084,3.575785,408.02652
2005-07-15T06:00:00.000000,0.153,0.2295,0.0915,0.069,0.0375,0.008333,0.081,0.1935,0.309,0.3465,0.008333,0.0345,1.318501,0.102,1.282501,0.366,0.753,0.573,0.008333,0.2625,0.008333,0.0975,0.567,0.0375,0.075,0.213,0.036,0.0465,0.324,0.008333,0.0345,0.0495,0.1035,0.916501,0.363,0.008333,0.558,0.008333,0.0705,14.977005,378.4762
2005-07-16T03:00:00.000000,0.1035,0.123,0.0405,0.008333,0.036,0.0315,0.075,0.138,0.1245,0.3765,0.008333,0.008333,2.080501,0.0585,0.5265,0.555,0.663,0.008333,0.008333,0.246,0.008333,0.0345,0.888001,0.0315,0.0825,0.3255,0.0495,0.063,0.3885,0.0135,0.033,0.008333,0.063,1.356001,0.57,0.0675,0.4065,0.008333,0.0465,4.59064,292.80528
2005-07-16T06:00:00.000000,0.1095,0.162,0.054,0.008333,0.03,0.008333,0.057,0.1185,0.132,0.351,0.008333,0.008333,1.240501,0.096,0.315,0.4275,0.999001,1.059001,0.008333,0.204,0.008333,0.054,0.5085,0.0375,0.0675,0.1485,0.042,0.0285,0.327,0.008333,0.008333,0.0555,0.0795,0.903001,0.1545,0.081,0.4185,0.008333,0.06,7.174543,279.45648
2005-07-17T03:00:00.000000,0.2535,0.4965,0.174,0.0285,0.09,0.054,0.1425,0.288,0.3345,0.3435,0.008333,0.078,1.267501,0.171,0.6,0.6825,1.776001,0.2955,0.008333,0.669,0.0465,0.156,0.964501,0.063,0.1905,0.4755,0.075,0.072,0.7035,0.039,0.06,0.063,0.2625,1.306501,0.4815,0.0735,1.231501,0.008333,0.1605,26.011445,585.9918
2005-07-17T06:00:00.000000,0.201,0.264,0.09,0.0675,0.057,0.036,0.0975,0.2055,0.2025,0.2685,0.3675,0.048,1.291501,0.093,0.444,0.4785,1.471501,1.201501,0.008333,0.339,0.008333,0.111,0.960001,0.0465,0.093,0.258,0.0615,0.081,0.5835,0.008333,0.0345,0.078,0.129,1.126501,0.312,0.036,0.582,0.008333,0.0945,13.950675,426.6456
2005-07-18T03:00:00.000000,0.279,0.6285,0.234,0.114,0.1125,0.072,0.18,0.4815,0.378,0.447,0.008333,0.1005,1.329001,0.2115,0.6585,0.6165,1.980001,0.4425,0.008333,0.826501,0.0315,0.2175,1.266001,0.165,0.213,1.275001,0.075,0.0945,0.966001,0.0645,0.0585,0.084,0.3045,1.624501,0.3105,0.0915,1.570501,0.008333,0.207,40.396788,795.5146
2005-07-18T06:00:00.000000,0.336,0.612,0.2205,0.117,0.111,0.087,0.183,0.339,0.528,0.441,0.408,0.0885,1.180501,0.192,0.855001,0.498,1.728001,1.230001,0.008333,0.7335,0.0285,0.192,0.969001,0.2085,0.2445,0.5175,0.129,0.111,0.850501,0.0375,0.1935,0.1065,0.321,1.392001,0.57,0.0645,1.461001,0.008333,0.174,36.900214,760.802
2005-07-19T03:00:00.000000,0.213,0.4005,0.141,0.1035,0.0705,0.0405,0.1035,0.216,0.246,0.2625,0.008333,0.06,0.774,0.153,0.39,0.378,1.258501,0.1665,0.008333,0.477,0.008333,0.117,0.594,0.096,0.186,0.3405,0.0735,0.081,0.5685,0.008333,0.054,0.0525,0.2145,0.916501,0.2205,0.072,0.892501,0.008333,0.117,28.789779,498.4184
2005-07-19T06:00:00.000000,0.1785,0.351,0.12,0.045,0.069,0.063,0.108,0.255,0.276,0.27,0.008333,0.0495,0.804001,0.1065,0.501,0.348,1.026001,0.990001,0.008333,0.4305,0.008333,0.0765,0.5535,0.069,0.1065,0.234,0.039,0.0525,0.4485,0.0495,0.0555,0.0735,0.1395,1.074001,0.213,0.0915,0.7485,0.008333,0.093,14.333956,384.31182
2005-07-20T03:00:00.000000,0.015,0.378,0.153,0.0705,0.0675,0.069,0.102,0.261,0.2475,0.297,0.008333,0.051,0.984001,0.132,0.585,0.4185,1.386001,0.144,0.008333,0.534,0.008333,0.1245,0.5925,0.1815,0.165,0.336,0.0555,0.1005,0.5235,0.045,0.054,0.0465,0.2355,1.249501,0.6105,0.0825,0.900001,0.008333,0.117,16.107796,430.66256
2005-07-20T06:00:00.000000,0.1515,0.2955,0.1065,0.0555,0.051,0.0345,0.0855,0.156,0.2475,0.273,0.342,0.036,0.7965,0.126,0.4515,0.3405,0.7815,1.081501,0.008333,0.4035,0.008333,0.1065,0.5655,0.0345,0.096,0.21,0.042,0.051,0.3615,0.008333,0.036,0.0705,0.123,1.170001,0.192,0.0375,0.699,0.008333,0.0675,12.47419,357.95368
2005-07-21T03:00:00.000000,0.820501,2.034001,0.6615,0.6405,0.339,0.177,0.132,1.645501,0.864001,1.027501,0.057,0.3105,3.816002,0.564,1.581001,1.555501,5.092503,0.967501,0.072,1.957501,0.1035,0.7005,3.315002,0.189,0.5625,5.938504,0.1485,0.21,2.709002,0.1305,0.1725,0.243,0.747,3.342002,1.071001,0.2985,4.030503,0.063,0.6255,59.086323,1777.0914
2005-07-21T06:00:00.000000,0.5295,1.159501,0.3735,0.3225,0.1905,0.105,0.0795,0.823501,0.825001,1.192501,0.063,0.1545,3.208502,0.3405,2.026501,0.871501,3.195002,1.237501,0.008333,1.029001,0.1275,0.354,2.319001,0.1035,0.3495,1.327501,0.099,0.1065,1.696501,0.0825,0.1215,0.171,0.408,2.197501,1.329001,0.1815,2.457002,0.063,0.294,36.970859,1136.1874
2005-07-23T03:00:00.000000,0.123,0.1695,0.075,0.111,0.033,0.027,0.0615,0.702,0.159,0.3675,0.008333,0.0405,2.254501,0.066,0.669,1.083001,1.606501,0.114,0.008333,0.174,0.008333,0.063,1.575001,0.008333,0.1335,2.782502,0.0405,0.06,0.906001,0.008333,0.036,0.008333,0.069,2.400002,0.1845,0.008333,0.6015,0.008333,0.0645,15.33644,569.5718
2005-07-23T06:00:00.000000,0.108,0.186,0.069,0.1035,0.0405,0.008333,0.0405,0.6465,0.153,0.3255,0.008333,0.027,1.986001,0.066,0.435,0.783,1.243501,0.910501,0.008333,0.1785,0.008333,0.054,1.272001,0.0345,0.1065,2.496002,0.0315,0.0465,0.675,0.008333,0.048,0.0405,0.075,1.963501,0.15,0.1545,0.6075,0.008333,0.042,26.789393,617.0754
2005-07-24T03:00:00.000000,0.1485,0.489,0.099,0.5955,0.162,0.069,0.3525,2.730002,0.1395,0.612,0.0765,0.609,3.750002,0.0825,0.681,2.230501,10.369506,0.21,0.008333,0.207,0.008333,0.0765,4.291503,0.0405,0.327,13.884009,0.0765,0.129,3.585002,0.008333,0.0435,0.008333,0.0975,5.688004,0.645,0.0285,1.921501,0.4815,1.078501,26.163008,1702.905
2005-07-25T03:00:00.000000,0.2145,0.576,0.1905,0.432,0.135,0.0615,0.234,2.134501,0.279,0.576,0.1425,0.357,2.539502,0.1605,1.629001,2.824502,6.645004,0.4485,0.008333,0.5145,0.008333,0.1605,3.804002,0.144,0.2505,11.284507,0.0945,0.138,2.805002,0.0435,0.0765,0.057,0.252,4.390503,0.978001,0.1545,1.909501,0.153,0.645,18.679426,1414.3962
2005-07-25T06:00:00.000000,0.186,1.059001,0.336,0.6405,0.255,0.0885,0.471,2.317501,0.5865,0.862501,0.108,0.4305,3.766502,0.1845,1.602001,4.942503,10.183506,0.820501,0.008333,0.585,0.0255,0.1215,6.387004,0.111,0.4125,9.687006,0.12,0.174,4.029003,0.0315,0.0915,0.0525,0.219,8.001005,1.027501,0.102,2.149501,0.0765,0.801001,144.081218,2833.8708
2005-07-26T03:00:00.000000,0.789,1.035001,0.348,0.351,0.1935,0.108,0.312,0.753,0.5865,0.912001,0.008333,0.168,4.050003,0.4065,1.824001,1.243501,4.537503,0.12,0.168,1.344001,0.0495,0.3855,2.014501,0.204,0.3375,1.879501,0.1755,0.174,2.004001,0.096,0.1305,0.1725,0.555,5.304003,1.149001,0.0915,2.701502,0.021,0.24,38.878223,1295.9664
2005-07-27T03:00:00.000000,0.1155,0.1215,0.0465,0.102,0.0465,0.039,0.096,0.51,0.099,0.249,0.008333,0.069,2.476502,0.0645,0.5535,1.032001,1.501501,0.0465,0.008333,0.2205,0.008333,0.042,1.398001,0.0345,0.126,2.530502,0.0435,0.069,0.7275,0.008333,0.039,0.008333,0.078,2.433002,0.219,0.008333,0.5655,0.008333,0.1155,4.285777,456.02648
2005-07-27T06:00:00.000000,0.18,0.309,0.0675,0.3195,0.1275,0.081,0.2685,1.401001,0.183,0.603,0.008333,0.1695,3.157502,0.138,0.882001,1.951501,4.503003,0.3885,0.008333,0.534,0.008333,0.09,3.466502,0.099,0.33,6.235504,0.231,0.2295,1.938001,0.033,0.0615,0.0465,0.165,5.803504,0.5415,0.008333,1.225501,0.03,0.336,34.05735,1235.8994
2005-07-28T03:00:00.000000,0.0945,0.087,0.008333,0.042,0.008333,0.008333,0.0525,0.3585,0.117,0.294,0.008333,0.008333,2.724002,0.051,0.4125,1.279501,0.945001,0.008333,0.008333,0.1245,0.008333,0.008333,1.518001,0.008333,0.096,0.979501,0.008333,0.036,0.576,0.008333,0.008333,0.008333,0.0465,2.806502,0.105,0.008333,0.3945,0.008333,0.008333,0.510068,354.82076
2005-07-29T03:00:00.000000,0.2265,0.882001,0.276,0.4665,0.141,0.072,0.2085,0.994501,0.3015,0.4065,0.618,0.189,1.342501,0.1515,1.480501,1.380001,4.636503,0.4515,0.008333,0.5805,0.008333,0.123,3.589502,0.156,0.27,2.962502,0.201,0.1995,1.846501,0.0315,0.081,0.1005,0.2235,2.508002,0.789,0.09,1.167001,0.237,0.351,3.270113,819.0414
2005-07-29T06:00:00.000000,0.2295,0.408,0.1245,0.213,0.0795,0.033,0.1545,0.504,0.3525,0.3375,0.5685,0.087,1.098001,0.132,1.042501,0.7125,1.945501,0.732,0.008333,0.4785,0.008333,0.084,1.225501,0.1185,0.132,1.462501,0.105,0.105,0.777,0.0375,0.0645,0.0705,0.1695,1.828501,0.645,0.0525,0.840001,0.153,0.162,34.344164,735.1936
2005-07-30T06:00:00.000000,0.1365,0.513,0.108,0.4035,0.1125,0.051,0.213,0.844501,0.3465,0.39,0.099,0.2055,1.114501,0.108,0.732,0.861001,6.504004,0.5745,0.008333,0.345,0.008333,0.1485,3.037502,0.051,0.174,1.540501,0.1065,0.1035,2.154001,0.008333,0.008333,0.087,0.12,1.714501,0.3195,0.072,0.823501,0.051,0.4005,85.488499,1339.0684
2005-07-31T03:00:00.000000,0.1545,0.2325,0.081,0.084,0.0465,0.0315,0.09,0.156,0.159,0.2955,0.008333,0.0285,1.387501,0.0945,0.2775,0.2985,1.602001,0.198,0.008333,0.3495,0.008333,0.069,0.564,0.008333,0.1275,0.3045,0.036,0.0705,0.5055,0.008333,0.0255,0.036,0.1365,1.054501,0.12,0.036,0.687,0.008333,0.063,25.024198,451.03374
2005-07-31T06:00:00.000000,0.1335,0.1995,0.063,0.063,0.0375,0.008333,0.069,0.1455,0.1875,0.252,0.54,0.008333,1.135501,0.0855,0.2535,0.2625,1.470001,0.814501,0.008333,0.267,0.008333,0.051,0.5775,0.008333,0.0945,0.2295,0.0315,0.0495,0.4065,0.008333,0.008333,0.0405,0.0885,1.030501,0.1005,0.008333,0.5235,0.008333,0.021,18.175848,391.54694
2005-08-01T03:00:00.000000,0.225,0.333,0.0285,0.1515,0.0555,0.027,0.1095,0.7665,0.2475,0.2805,0.008333,0.081,1.245001,0.1155,0.4245,0.3495,1.708501,0.1155,0.008333,0.471,0.008333,0.1335,0.7935,0.0645,0.168,4.368003,0.0555,0.063,0.6855,0.008333,0.0405,0.0405,0.1875,1.236001,0.21,0.051,0.985501,0.008333,0.129,15.685292,550.8226
2005-08-01T06:00:00.000000,0.207,0.4995,0.132,0.165,0.0735,0.0225,0.138,0.402,0.366,0.5715,0.0225,0.0765,1.176001,0.1185,0.693,0.5685,2.311501,0.744,0.036,0.498,0.008333,0.129,1.587001,0.057,0.129,0.934501,0.087,0.081,0.811501,0.039,0.0435,0.0675,0.1845,1.462501,0.282,0.0405,0.876001,0.008333,0.177,34.953617,701.2692
2005-08-02T03:00:00.000000,0.264,0.3945,0.129,0.1215,0.0765,0.0495,0.1335,0.2685,0.2775,0.378,0.008333,0.0555,1.347001,0.162,0.4845,0.4065,1.447501,0.258,0.008333,0.5655,0.008333,0.2445,0.639,0.06,0.1485,0.627,0.0615,0.09,0.663,0.0405,0.0375,0.0915,0.204,1.012501,0.1875,0.0615,0.985501,0.0165,0.1035,21.927625,497.9612
2005-08-02T06:00:00.000000,0.4065,0.7425,0.2475,0.2115,0.1455,0.087,0.2505,0.69,0.717,0.7245,0.0345,0.114,1.677001,0.279,1.342501,0.66,2.419502,0.543,0.008333,0.982501,0.008333,0.345,1.159501,0.0855,0.2145,0.850501,0.087,0.129,0.960001,0.0705,0.051,0.1515,0.3615,1.849501,0.663,0.1575,1.881001,0.027,0.204,18.41973,721.3182
2005-08-03T03:00:00.000000,0.1275,0.291,0.1035,0.1035,0.042,0.024,0.072,0.312,0.2085,0.2925,0.008333,0.036,1.132501,0.1005,0.402,0.423,1.155001,0.12,0.008333,0.3345,0.008333,0.1635,0.952501,0.0375,0.123,0.3165,0.0405,0.057,0.6225,0.008333,0.036,0.0345,0.1245,1.207501,0.171,0.0915,0.6945,0.008333,0.0585,35.496604,551.033
2005-08-03T06:00:00.000000,0.2265,0.3675,0.1185,0.102,0.0615,0.042,0.0465,0.372,0.3555,0.39,0.027,0.042,1.105501,0.1395,0.5685,0.366,1.081501,0.711,0.008333,0.099,0.008333,0.177,0.802501,0.0465,0.1065,0.4185,0.048,0.054,0.5055,0.039,0.036,0.0675,0.171,1.239001,0.279,0.075,0.916501,0.0345,0.066,19.812876,459.9832
2005-08-04T03:00:00.000000,0.2565,0.3315,0.105,0.093,0.0585,0.036,0.1095,0.24,0.2865,0.3765,0.008333,0.042,1.107001,0.1215,0.4425,0.3075,0.943501,0.1065,0.008333,0.4425,0.008333,0.1965,0.546,0.042,0.1545,0.819001,0.0405,0.099,0.6645,0.027,0.0405,0.0495,0.1605,0.888001,0.1845,0.045,0.7995,0.008333,0.063,21.498406,444.74742
2005-08-04T06:00:00.000000,0.228,0.369,0.1245,0.099,0.0705,0.0435,0.1335,0.2115,0.39,0.411,0.008333,0.0465,0.882001,0.147,0.618,0.2535,1.119001,0.6735,0.008333,0.5145,0.008333,0.189,0.5385,0.039,0.126,0.2985,0.042,0.0795,0.522,0.0375,0.039,0.099,0.192,1.026001,0.2595,0.06,1.011001,0.008333,0.0885,19.014152,445.0334
2005-08-05T03:00:00.000000,0.117,0.2025,0.0675,0.0555,0.0495,0.008333,0.075,0.108,0.2415,0.207,0.008333,0.0255,0.871501,0.0765,0.291,0.2115,0.729,0.048,0.008333,0.282,0.008333,0.1785,0.339,0.054,0.1365,0.3135,0.066,0.0795,0.4485,0.008333,0.0405,0.008333,0.105,0.6675,0.126,0.0345,0.492,0.008333,0.048,31.839636,435.8572
2005-08-05T06:00:00.000000,0.1155,0.219,0.069,0.06,0.0465,0.008333,0.081,0.1125,0.3075,0.1965,0.008333,0.042,0.6795,0.0885,0.3975,0.1725,0.648,0.4305,0.008333,0.336,0.008333,0.1395,0.3105,0.008333,0.0825,0.153,0.0315,0.06,0.297,0.008333,0.0315,0.03,0.12,0.6855,0.1635,0.027,0.5145,0.008333,0.042,11.653476,271.76792
2005-08-06T03:00:00.000000,0.21,0.168,0.0435,0.0615,0.0375,0.008333,0.008333,0.1635,0.1125,0.2265,0.008333,0.008333,1.297501,0.0585,0.198,0.45,1.626001,0.177,0.008333,0.219,0.008333,0.0435,1.101001,0.057,0.1635,0.2775,0.0645,0.102,0.850501,0.008333,0.008333,0.0345,0.099,1.410001,0.141,0.008333,0.3765,0.008333,0.051,17.325889,400.68728
2005-08-07T03:00:00.000000,0.2835,0.4815,0.1605,0.186,0.096,0.0555,0.1725,1.437001,0.345,0.471,0.675,0.0765,1.678501,0.219,0.519,0.513,1.806001,0.585,0.008333,0.7695,0.008333,0.18,0.960001,0.138,0.2085,8.787006,0.0885,0.147,0.939001,0.0435,0.0885,0.0675,0.336,1.728001,0.255,0.045,1.878001,0.008333,0.138,18.55297,856.6842
2005-08-08T03:00:00.000000,0.1485,0.429,0.072,0.817501,0.168,0.1005,0.435,2.082001,0.1335,0.829501,0.0765,2.869502,2.661002,0.1005,0.585,1.300501,18.825012,0.1275,0.008333,0.3195,0.008333,0.093,3.984002,0.039,0.375,3.663002,0.0405,0.0885,4.971003,0.008333,0.039,0.0315,0.18,3.742502,0.33,0.008333,1.176001,0.057,2.592002,97.302238,2204.6988
2005-08-10T06:00:00.000000,0.2145,0.6945,0.1695,0.2445,0.2475,0.108,0.453,1.735501,0.2745,0.850501,0.008333,0.4215,2.943002,0.1545,0.934501,3.276002,8.946006,0.408,0.996001,0.6405,0.008333,0.129,3.793502,0.096,0.4005,4.404003,0.177,0.1935,3.126002,0.0495,0.0705,0.0465,0.3015,4.294503,0.6495,0.1215,1.533001,0.008333,0.759,28.522183,1397.7582
2005-08-12T03:00:00.000000,0.612,1.527001,0.477,0.934501,0.309,0.129,0.525,1.819501,1.036501,1.293001,0.111,0.943501,2.767502,0.3435,1.495501,2.067001,15.166509,0.399,0.0465,1.200001,0.008333,0.5385,6.838504,0.099,0.462,3.129002,0.093,0.2355,4.725003,0.093,0.0765,0.168,0.4665,4.075503,0.3975,0.075,2.772002,0.3795,1.815001,85.320901,2273.0282
2005-08-12T06:00:00.000000,0.6465,1.779001,0.6225,0.5655,0.2595,0.1665,0.453,1.911001,1.210501,1.245001,0.0855,0.312,3.685502,0.432,6.870004,3.951002,6.240004,0.909001,0.057,1.518001,0.06,0.4485,3.534002,0.264,0.459,3.840002,0.2415,0.291,2.973002,0.099,0.1665,0.2175,0.5685,5.133003,2.841002,0.2355,3.133502,0.2745,0.6795,49.960403,1956.4442
2005-08-13T06:00:00.000000,0.3915,0.774,0.2835,0.2565,0.0465,0.102,0.1125,0.657,0.738,1.192501,0.008333,0.0915,4.153503,0.315,3.259502,1.078501,3.000002,1.146001,0.111,0.871501,0.008333,0.3015,1.939501,0.1095,0.231,0.762,0.099,0.108,1.344001,0.072,0.084,0.1305,0.3585,2.527502,0.826501,0.186,2.007001,0.008333,0.18,33.553313,1064.407
2005-08-14T03:00:00.000000,0.3375,0.4545,0.1485,0.189,0.096,0.0585,0.1725,7.800005,0.3495,0.489,3.226502,0.072,3.954002,0.1725,0.826501,1.065001,4.993503,0.1395,0.171,0.579,0.008333,0.1035,1.480501,0.0735,0.183,10.880007,0.0735,0.087,0.970501,0.039,0.0855,0.057,0.216,2.596502,0.453,0.0915,1.246501,0.008333,0.1455,24.004946,888.0
2005-08-14T06:00:00.000000,0.1425,0.198,0.0705,0.0495,0.051,0.036,0.0915,7.800005,0.1875,0.768,2.754002,0.008333,3.688502,0.141,1.173001,0.696,2.539502,1.326001,0.008333,0.2955,0.008333,0.063,0.910501,0.042,0.105,10.880007,0.0405,0.048,0.6525,0.008333,0.0555,0.0705,0.153,1.840501,0.832501,0.126,0.858001,0.008333,0.066,9.747457,632.0
2005-08-15T06:00:00.000000,0.255,0.4635,0.147,0.1425,0.0675,0.063,0.063,7.800005,0.4575,0.6045,0.024,0.0615,1.765501,0.2175,1.486501,0.891001,1.575001,1.276501,0.048,0.561,0.042,0.183,0.931501,0.054,0.1305,10.880007,0.0585,0.0615,0.672,0.0465,0.0555,0.093,0.219,1.344001,0.579,0.1305,1.209001,0.024,0.1125,27.944965,672.0
2005-08-16T03:00:00.000000,0.3465,0.759,0.2085,0.3975,0.1545,0.0915,0.2595,1.812001,0.4185,0.6015,0.558,0.2955,1.906501,0.231,2.551502,1.129501,5.493003,0.126,0.008333,0.858001,0.036,0.21,3.321002,0.0735,0.267,8.758505,0.1095,0.1695,2.185501,0.051,0.0645,0.078,0.294,3.309002,1.389001,0.072,1.791001,0.0555,0.5445,5.814839,1139.2594
2005-08-16T06:00:00.000000,0.396,1.090501,0.375,0.3435,0.174,0.1035,0.264,0.7095,0.7455,0.675,0.4545,0.213,1.461001,0.2895,1.210501,1.285501,3.975002,0.888001,0.008333,1.036501,0.0435,0.2925,3.271502,0.063,0.2235,1.345501,0.081,0.1245,1.635001,0.0705,0.0555,0.117,0.3765,2.100001,0.5715,0.06,1.986001,0.0615,0.372,58.45194,1228.716
2005-08-17T06:00:00.000000,0.3285,1.023001,0.348,0.321,0.282,0.198,0.618,2.059501,0.462,1.377001,0.5535,0.597,2.901002,0.2355,1.503001,5.253003,10.722007,0.816001,0.045,0.933001,0.0555,0.1815,4.797003,0.249,0.7605,6.804004,0.177,0.27,4.290003,0.054,0.429,0.087,0.2745,5.256003,1.548001,0.0525,1.987501,0.008333,1.125001,144.150877,2725.868
2005-08-18T03:00:00.000000,0.1095,0.126,0.0465,0.09,0.0435,0.0375,0.1215,0.2385,0.2475,0.3465,0.0465,0.0345,2.233501,0.0795,0.3915,0.627,0.927001,0.0525,0.008333,0.2805,0.008333,0.0765,0.645,0.0405,0.102,0.2745,0.0435,0.069,0.3855,0.008333,0.0615,0.008333,0.0945,1.540501,0.2355,0.057,0.501,0.045,0.06,9.652868,352.26312
2005-08-19T03:00:00.000000,0.2865,0.516,0.1545,0.1665,0.1095,0.063,0.1575,0.4215,0.384,0.4275,0.008333,0.075,3.219002,0.213,0.7995,0.940501,3.138002,0.087,0.186,0.6975,0.054,0.186,1.305001,0.084,0.1995,0.5475,0.0705,0.12,0.862501,0.051,0.063,0.063,0.237,2.295001,0.3,0.0555,1.158001,0.008333,0.009,23.797729,715.82216
2005-08-19T06:00:00.000000,0.396,0.7395,0.255,0.237,0.1575,0.1035,0.2595,0.5265,0.859501,0.886501,0.4905,0.1155,2.856002,0.4155,2.178001,0.915001,2.401502,1.170001,0.39,1.110001,0.0495,0.3,1.297501,0.1335,0.246,0.729,0.1245,0.12,1.000501,0.087,0.0975,0.135,0.39,2.112001,0.702,0.0855,1.941001,0.008333,0.2505,50.32687,1102.9954
2005-08-21T03:00:00.000000,0.204,0.096,0.008333,0.051,0.008333,0.008333,0.0615,0.18,0.126,0.2385,0.008333,0.0195,1.437001,0.051,0.3435,0.489,0.498,0.0975,0.008333,0.21,0.008333,0.039,0.624,0.008333,0.0315,0.5085,0.03,0.045,0.294,0.008333,0.0555,0.008333,0.1365,1.317001,0.0945,0.008333,0.372,0.008333,0.051,13.842084,316.3168
2005-08-22T03:00:00.000000,0.123,0.303,0.111,0.0405,0.042,0.03,0.0405,0.7215,0.096,0.2325,0.008333,0.072,1.579501,0.051,0.5385,1.024501,1.917001,0.042,0.008333,0.15,0.008333,0.0675,1.111501,0.0435,0.1155,3.018002,0.042,0.0525,0.669,0.008333,0.051,0.008333,0.0645,2.223001,0.24,0.008333,0.6225,0.008333,0.048,2.220128,430.78128
2005-08-22T06:00:00.000000,0.48,1.666501,0.4995,0.294,0.189,0.1485,0.093,1.590001,0.895501,0.883501,0.1275,0.363,2.376001,0.306,6.582004,2.751002,3.739502,0.774,0.0435,0.963001,0.0525,0.363,3.015002,0.201,0.312,3.343502,0.168,0.162,2.295001,0.075,0.1425,0.144,0.402,8.854506,3.169502,0.3675,2.199001,0.1185,0.093,66.09362,1868.5498
2005-08-23T03:00:00.000000,0.1935,0.207,0.0975,0.0645,0.048,0.033,0.0795,0.4605,0.2145,0.321,0.008333,0.008333,1.306501,0.12,1.002001,0.3045,1.348501,0.0735,0.008333,0.3735,0.008333,0.0855,0.465,0.0585,0.081,2.173501,0.054,0.0825,0.3795,0.008333,0.0495,0.036,0.174,1.209001,0.2505,0.045,0.7215,0.008333,0.0615,20.955622,492.40518
2005-08-23T06:00:00.000000,0.3135,0.747,0.228,0.4215,0.1785,0.111,0.3585,0.987001,0.5835,0.949501,0.0495,0.108,3.361502,0.228,2.220001,2.197501,6.045004,0.594,0.258,0.771,0.0525,0.1935,4.309503,0.099,0.327,1.618501,0.105,0.183,2.511002,0.051,0.075,0.0825,0.3135,5.520003,0.6615,0.0555,1.534501,0.008333,0.213,41.359544,1360.657
2005-08-24T03:00:00.000000,0.4815,1.681501,0.474,0.3015,0.303,0.123,0.18,0.817501,0.7425,0.906001,0.03,0.108,2.892002,0.402,1.704001,1.176001,2.790002,0.084,0.105,0.2805,0.123,0.432,1.923001,0.1065,0.309,2.533502,0.09,0.15,1.317001,0.0885,0.087,0.1275,0.4395,2.787002,0.4755,0.1425,2.652002,0.0255,0.2055,51.853688,1204.07
2005-08-24T06:00:00.000000,0.6555,1.713001,0.4785,0.5895,0.3255,0.153,0.15,1.612501,1.029001,1.206001,0.084,0.249,2.949002,0.3345,3.424502,3.676502,8.712005,0.513,0.105,0.952501,0.1365,0.528,5.787004,0.105,0.3975,4.398003,0.1155,0.1665,2.775002,0.141,0.0825,0.2355,0.4035,4.696503,1.176001,1.147501,3.157502,0.0675,0.4305,34.743036,1740.8652
2005-08-25T03:00:00.000000,0.2925,0.4575,0.1425,0.1215,0.0855,0.054,0.162,0.2415,0.381,0.3945,0.008333,0.0465,1.401001,0.174,0.6825,0.823501,1.333501,0.1125,0.008333,0.594,0.0285,0.207,0.7425,0.066,0.156,0.489,0.0615,0.099,0.591,0.039,0.072,0.0825,0.219,1.428001,0.3105,0.0495,1.087501,0.008333,0.0885,26.133322,564.2468
2005-08-25T06:00:00.000000,0.255,0.5805,0.186,0.1515,0.1035,0.0645,0.2025,0.657,0.4515,0.5565,0.008333,0.0675,1.041001,0.2055,0.612,0.4215,1.576501,0.7185,0.008333,0.7305,0.0405,0.207,0.645,0.0435,0.186,0.3975,0.0585,0.111,0.606,0.0585,0.051,0.1245,0.273,1.150501,0.3675,0.0525,1.350001,0.008333,0.1245,26.449795,596.4186
2005-08-26T03:00:00.000000,0.294,0.441,0.147,0.1245,0.126,0.0585,0.144,0.2625,0.3225,0.405,0.008333,0.0675,1.461001,0.231,0.5175,0.5745,1.660501,0.1215,0.008333,0.7305,0.008333,0.201,0.7335,0.081,0.1935,0.5505,0.0795,0.1005,0.6075,0.0465,0.0825,0.063,0.2805,1.287001,0.3945,0.0765,1.212001,0.008333,0.1365,34.960996,648.1682
2005-08-26T06:00:00.000000,0.2745,0.327,0.1215,0.087,0.072,0.03,0.105,0.201,0.4005,0.39,0.008333,0.0885,1.102501,0.2115,0.546,0.327,1.188001,0.805501,0.008333,0.5715,0.008333,0.1065,0.51,0.1155,0.126,0.246,0.0975,0.1185,0.411,0.036,0.078,0.0645,0.2475,1.108501,0.2565,0.0705,0.897001,0.008333,0.105,18.466439,452.9717
2005-08-27T03:00:00.000000,0.2595,0.4095,0.126,0.123,0.0735,0.0495,0.15,0.258,0.3705,0.4875,0.008333,0.0615,1.500001,0.165,0.516,0.5655,1.461001,0.7245,0.008333,0.6015,0.008333,0.2535,0.7125,0.039,0.141,0.5235,0.0495,0.0885,0.606,0.036,0.036,0.063,0.213,1.303501,0.2325,0.048,1.116001,0.008333,0.1035,36.547097,651.577
2005-08-27T06:00:00.000000,0.1275,0.249,0.081,0.069,0.042,0.0315,0.0915,0.1185,0.303,0.282,0.008333,0.027,0.937501,0.096,0.3255,0.258,0.807001,1.095001,0.008333,0.339,0.008333,0.1455,0.3915,0.084,0.0885,0.156,0.054,0.0675,0.333,0.008333,0.078,0.075,0.123,0.783,0.162,0.138,0.6285,0.008333,0.1245,25.694157,437.9734
2005-08-28T03:00:00.000000,0.231,0.195,0.054,0.036,0.033,0.0225,0.054,0.114,0.141,0.2265,0.008333,0.0465,0.753,0.0855,0.246,0.162,1.188001,0.5355,0.008333,0.3,0.008333,0.0465,0.3195,0.027,0.081,0.363,0.0555,0.0585,0.3165,0.008333,0.045,0.008333,0.1515,0.672,0.1065,0.0315,0.441,0.008333,0.069,21.879502,367.35614
2005-08-28T06:00:00.000000,0.1725,0.1455,0.054,0.008333,0.03,0.008333,0.0585,0.09,0.1635,0.177,0.008333,0.008333,0.609,0.0705,0.243,0.144,0.375,1.138501,0.008333,0.195,0.008333,0.0405,0.3015,0.008333,0.0615,0.153,0.0285,0.0495,0.2595,0.008333,0.0285,0.0675,0.1065,0.6345,0.093,0.0135,0.3735,0.008333,0.008333,23.75989,346.99922
2006-06-01T06:00:00.000000,0.408,1.458001,0.417,1.084501,0.4965,0.2055,1.167001,3.649502,0.823501,1.143001,0.129,0.174,2.509502,0.393,1.744501,3.552002,12.612008,1.413001,0.0255,1.170001,0.0375,0.3885,6.349504,0.1425,0.802501,4.324503,0.168,0.282,4.452003,0.0915,0.1125,0.129,0.4725,7.731005,0.859501,0.117,2.472002,0.012,0.282,19.227367,1855.18
2006-06-02T03:00:00.000000,0.318,0.618,0.171,0.507,0.111,0.087,0.222,1.396501,0.369,0.4455,0.0435,0.1455,1.458001,0.1935,1.459501,0.6735,4.578003,0.2355,0.0225,0.6435,0.021,0.3315,2.748002,0.1395,0.228,2.685002,0.156,0.18,1.735501,0.0555,0.135,0.0735,0.2505,2.775002,0.5145,0.201,1.264501,0.0285,0.27,62.824943,1235.68
2006-06-03T06:00:00.000000,0.024,0.1965,0.06,0.1275,0.0375,0.033,0.0765,0.342,0.0795,0.18,0.0165,0.042,0.6885,0.0585,0.243,0.228,1.035001,0.3435,0.008333,0.186,0.018,0.1725,1.039501,0.0735,0.1245,0.648,0.0975,0.117,0.5745,0.024,0.0555,0.0195,0.081,1.006501,0.297,0.1335,0.27,0.0225,0.084,40.897482,563.36
2006-06-04T03:00:00.000000,0.2025,0.3765,0.1155,0.008333,0.0645,0.0255,0.105,0.5925,0.216,0.2625,0.008333,0.0255,1.111501,0.105,0.45,0.2355,0.6525,0.477,0.008333,0.336,0.008333,0.201,0.579,0.0435,0.1665,0.201,0.033,0.081,0.4305,0.008333,0.075,0.033,0.2025,0.795,0.1485,0.008333,0.549,0.008333,0.0405,35.869981,525.3
2006-06-04T06:00:00.000000,0.0945,0.2445,0.0825,0.008333,0.0375,0.008333,0.0885,0.534,0.27,0.2895,0.008333,0.018,1.078501,0.081,0.333,0.2295,0.6255,0.7395,0.008333,0.2445,0.008333,0.0675,0.531,0.008333,0.0945,0.1965,0.027,0.054,0.3435,0.008333,0.008333,0.048,0.144,0.885001,0.126,0.008333,0.4455,0.008333,0.021,26.202483,422.46
2006-06-05T03:00:00.000000,0.1995,0.4785,0.1365,0.615,0.1335,0.081,0.3045,1.515001,0.2355,0.522,0.084,0.5325,1.969501,0.1425,1.096501,1.531501,8.805006,0.7515,0.008333,0.4575,0.008333,0.129,4.275003,0.0705,0.249,2.818502,0.087,0.126,2.923502,0.03,0.066,0.039,0.1545,2.998502,0.771,0.12,0.985501,0.057,0.943501,92.734924,1713.52
2006-06-05T06:00:00.000000,0.1755,0.2415,0.0885,0.081,0.06,0.09,0.147,0.1905,0.2985,0.303,0.008333,0.008333,1.090501,0.1095,0.435,0.3465,0.795,0.633,0.008333,0.3975,0.008333,0.0855,0.7545,0.081,0.1365,0.2925,0.1095,0.156,0.5325,0.008333,0.072,0.045,0.132,1.534501,0.1905,0.0885,0.831001,0.008333,0.036,32.289978,540.04
2006-06-06T03:00:00.000000,0.1905,0.2265,0.0855,0.066,0.0465,0.039,0.141,0.1395,0.1935,0.2655,0.008333,0.033,1.102501,0.099,0.3075,0.303,0.738,0.438,0.008333,0.3,0.008333,0.069,0.6675,0.0345,0.1005,0.183,0.039,0.0495,0.4905,0.008333,0.045,0.0225,0.1095,0.990001,0.1305,0.069,0.51,0.008333,0.033,19.962483,380.0
2006-06-06T06:00:00.000000,0.192,0.273,0.0915,0.081,0.054,0.0285,0.141,0.174,0.3195,0.3,0.024,0.0315,1.069501,0.1185,0.4275,0.336,0.768,0.7335,0.008333,0.3585,0.008333,0.069,0.687,0.042,0.099,0.231,0.0435,0.051,0.4905,0.008333,0.0405,0.057,0.1245,1.191001,0.1815,0.057,0.645,0.021,0.0405,21.96748,431.6
2006-06-07T03:00:00.000000,0.219,1.231501,0.3585,1.102501,0.2415,0.18,0.5085,3.033002,0.5715,0.816001,0.0915,0.4215,3.613502,0.3645,2.280001,1.732501,6.435004,0.963001,0.0765,1.177501,0.0465,0.1065,4.018503,0.195,0.5295,6.148504,0.222,0.3525,2.779502,0.078,0.147,0.129,0.531,4.224003,1.783501,0.549,2.002501,0.114,0.51,119.219896,2284.0
2006-06-09T03:00:00.000000,0.1815,0.2985,0.102,0.2835,0.0735,0.066,0.2235,0.6825,0.207,0.2235,0.008333,0.008333,1.255501,0.0915,0.294,0.33,1.501501,0.4575,0.008333,0.3315,0.008333,0.0705,0.970501,0.06,0.165,0.958501,0.0885,0.111,0.805501,0.008333,0.0585,0.033,0.111,1.252501,0.147,0.09,0.5445,0.008333,0.1185,58.494975,793.08
2006-06-09T06:00:00.000000,0.1605,0.237,0.078,0.0945,0.0765,0.039,0.2055,0.174,0.2595,0.2325,0.008333,0.008333,1.029001,0.087,0.4185,0.318,0.7065,0.994501,0.008333,0.288,0.008333,0.0585,0.7275,0.036,0.12,0.24,0.033,0.0525,0.723,0.008333,0.036,0.042,0.099,1.938001,0.2115,0.075,0.495,0.008333,0.008333,31.782479,528.68
2006-06-10T03:00:00.000000,0.2805,0.546,0.1725,0.207,0.09,0.057,0.177,0.444,0.348,0.465,0.015,0.0645,1.609501,0.201,0.588,0.5115,1.555501,0.5145,0.027,0.6675,0.036,0.255,0.997501,0.0885,0.195,0.6105,0.0825,0.108,0.957001,0.0495,0.105,0.105,0.261,1.761001,0.3135,0.0825,1.246501,0.012,0.081,36.064967,712.2
2006-06-10T06:00:00.000000,0.192,0.462,0.1545,0.156,0.0855,0.0555,0.1665,0.321,0.4095,0.555,0.0195,0.0225,2.098501,0.1875,1.747501,0.6825,1.890001,1.170001,0.0375,0.4875,0.008333,0.1605,1.203001,0.0885,0.159,0.4245,0.1005,0.123,0.973501,0.036,0.0795,0.081,0.1905,1.983001,0.315,0.045,1.144501,0.027,0.0405,30.129962,723.06
2006-06-11T03:00:00.000000,0.1545,0.33,0.186,0.087,0.0555,0.0285,0.12,0.159,0.288,0.4455,0.008333,0.036,3.688502,0.0975,2.437502,1.048501,1.353001,0.0375,0.008333,0.327,0.008333,0.102,1.068001,0.0645,0.111,0.2235,0.066,0.207,0.501,0.0405,0.057,0.0255,0.1155,2.488502,0.3615,0.0405,0.7545,0.018,0.0315,4.897464,496.72
2006-06-11T06:00:00.000000,0.123,0.2415,0.0765,0.0675,0.042,0.024,0.1035,0.147,0.1695,0.381,0.0195,0.0135,3.444002,0.0615,1.375501,1.167001,0.949501,0.6135,0.021,0.1815,0.015,0.0525,1.186501,0.0375,0.102,0.252,0.0495,0.1125,0.5355,0.021,0.048,0.0375,0.132,2.671502,0.219,0.027,0.504,0.0405,0.015,36.222468,697.26
2006-06-12T06:00:00.000000,0.2205,0.504,0.147,0.33,0.099,0.0855,0.1935,0.988501,0.408,0.519,0.008333,0.0735,1.677001,0.141,2.175001,0.4815,1.483501,0.835501,0.008333,0.4185,0.008333,0.06,0.918001,0.18,0.192,0.816001,0.1455,0.1185,0.789,0.008333,0.0735,0.072,0.2145,2.281501,0.4215,0.008333,0.828001,0.008333,0.066,31.662463,732.26
2006-06-14T03:00:00.000000,0.1905,0.2355,0.069,0.498,0.054,0.0705,0.1935,1.381501,0.165,0.198,0.008333,0.027,0.846001,0.066,0.2265,0.177,1.035001,0.1005,0.03,0.261,0.008333,0.0555,0.6405,0.063,0.171,1.750501,0.1035,0.138,0.528,0.008333,0.048,0.008333,0.0825,0.7065,0.1215,0.0885,0.444,0.008333,0.045,58.837477,759.08
2006-06-14T06:00:00.000000,0.144,0.1845,0.066,0.066,0.045,0.008333,0.171,0.1305,0.2535,0.198,0.008333,0.008333,0.927001,0.069,0.3765,0.2355,0.561,0.6375,0.008333,0.207,0.008333,0.0525,0.486,0.0735,0.111,0.168,0.051,0.057,0.4395,0.008333,0.0435,0.033,0.0765,1.338001,0.153,0.0705,0.429,0.008333,0.0285,23.397484,397.52
2006-06-15T03:00:00.000000,0.2265,0.5685,0.2145,0.0765,0.0975,0.075,0.216,0.3645,0.3495,1.140001,0.008333,0.063,4.141503,0.243,0.7395,1.369501,1.938001,0.0855,0.09,0.7155,0.0285,0.201,2.923502,0.132,0.252,0.4755,0.1395,0.1335,1.212001,0.072,0.1305,0.084,0.273,3.403502,0.333,0.1905,1.173001,0.008333,0.12,29.00495,871.84
2006-06-15T06:00:00.000000,0.198,0.3975,0.135,0.201,0.0795,0.054,0.1395,0.3945,0.2955,0.861001,0.008333,0.0525,4.738503,0.2175,3.108002,1.048501,1.845001,0.943501,0.008333,0.507,0.015,0.162,1.957501,0.1215,0.1785,0.783,0.12,0.0975,1.407001,0.0435,0.123,0.0555,0.171,6.756004,1.038001,0.1425,0.982501,0.008333,0.072,38.889939,1096.3
2006-06-16T03:00:00.000000,0.093,0.282,0.0855,0.234,0.066,0.0345,0.096,0.258,0.12,0.4575,0.008333,0.0675,2.394001,0.1665,1.222501,0.5325,2.005501,0.0555,0.008333,0.2955,0.008333,0.096,1.498501,0.081,0.117,0.375,0.1125,0.069,1.182001,0.008333,0.0585,0.03,0.114,1.521001,0.2715,0.1635,0.495,0.008333,0.135,12.967469,498.12
2006-06-16T06:00:00.000000,0.168,0.387,0.141,0.1725,0.078,0.036,0.1515,0.3855,0.339,1.017001,0.045,0.048,3.910502,0.2985,2.718002,1.093501,5.716504,0.57,0.008333,0.5055,0.042,0.1575,1.441501,0.09,0.1665,0.6105,0.1005,0.0915,1.461001,0.033,0.063,0.072,0.2085,3.118502,0.976501,0.2565,0.822001,0.024,0.1215,4.044942,769.38
2006-06-18T03:00:00.000000,0.1425,0.2025,0.0585,0.096,0.0435,0.036,0.12,0.219,0.4335,0.6885,0.024,0.0315,2.532002,0.1095,1.716001,1.249501,1.402501,0.066,0.015,0.33,0.0195,0.096,1.440001,0.0525,0.1335,0.402,0.06,0.0735,0.834001,0.0225,0.042,0.0315,0.117,2.730002,0.648,0.1155,0.6375,0.0135,0.0375,5.722464,499.7
2006-06-19T03:00:00.000000,0.279,0.393,0.1425,0.132,0.0705,0.0585,0.1515,0.24,0.3765,0.4515,0.0285,0.066,1.540501,0.1785,1.090501,0.354,1.177501,0.1245,0.008333,0.5505,0.008333,0.138,0.873001,0.066,0.1155,0.3075,0.0615,0.072,0.5805,0.036,0.0465,0.063,0.201,1.401001,0.5505,0.0975,0.903001,0.0255,0.117,6.649973,401.52
2006-06-19T06:00:00.000000,0.2595,0.399,0.135,0.165,0.09,0.0645,0.18,0.312,0.357,0.837001,0.027,0.051,3.094502,0.2865,2.469002,0.934501,2.038501,1.036501,0.008333,0.552,0.008333,0.1695,1.288501,0.063,0.1965,0.4305,0.06,0.069,1.242001,0.039,0.045,0.0915,0.192,2.700002,1.240501,0.1995,1.191001,0.008333,0.1005,18.874953,753.9
2006-06-20T03:00:00.000000,0.036,0.1965,0.066,0.093,0.008333,0.008333,0.087,0.21,0.18,0.294,0.008333,0.0375,1.239001,0.0765,0.417,0.3795,0.591,0.15,0.008333,0.0705,0.008333,0.1215,0.552,0.027,0.102,0.171,0.0465,0.075,0.817501,0.008333,0.008333,0.0375,0.1245,1.051501,0.1305,0.036,0.465,0.008333,0.027,16.929983,346.48
2006-06-20T06:00:00.000000,0.1695,0.261,0.0795,0.2205,0.0525,0.036,0.1155,0.3285,0.291,0.3405,0.008333,0.027,1.182001,0.0945,0.606,0.384,0.759,1.162501,0.008333,0.273,0.008333,0.0585,0.6375,0.0405,0.132,0.2055,0.045,0.0585,1.233001,0.008333,0.027,0.117,0.15,1.224001,0.192,0.036,0.7065,0.008333,0.123,9.419976,378.62
2006-06-21T03:00:00.000000,0.2295,0.243,0.0885,0.1125,0.048,0.039,0.1185,0.183,0.1905,0.591,0.008333,0.042,2.181001,0.135,0.465,0.72,0.903001,0.1185,0.1065,0.4245,0.008333,0.1185,0.867001,0.153,0.1005,0.2145,0.1155,0.054,0.5715,0.048,0.066,0.045,0.153,1.593001,0.156,0.0825,0.69,0.008333,0.0645,28.762475,551.0
2006-06-21T06:00:00.000000,0.2115,0.2655,0.093,0.099,0.069,0.045,0.1185,0.1725,0.24,0.357,0.008333,0.0405,1.561501,0.1575,0.880501,0.4515,0.870001,0.892501,0.345,0.4005,0.008333,0.1095,0.609,0.099,0.0975,0.1935,0.0795,0.051,0.5805,0.0315,0.0495,0.06,0.1485,1.102501,0.261,0.099,0.6795,0.008333,0.0615,19.707476,466.6
2006-06-22T03:00:00.000000,0.345,0.5505,0.2475,0.2895,0.0975,0.078,0.2205,0.72,0.384,0.4755,0.0375,0.096,3.211502,0.231,1.564501,1.470001,2.349001,0.4305,0.1635,0.7395,0.036,0.5475,1.684501,0.138,0.2925,0.891001,0.1545,0.186,1.215001,0.057,0.1545,0.0705,0.3615,2.850002,0.477,0.1095,1.965001,0.027,0.1755,38.472448,976.94
2006-06-22T06:00:00.000000,0.3375,0.606,0.231,0.2295,0.102,0.1005,0.2265,0.5265,0.6195,0.6405,0.036,0.078,2.877002,0.3075,1.959001,0.924001,2.442002,0.7305,0.1185,0.819001,0.0315,0.2385,1.489501,0.171,0.204,0.6795,0.1905,0.2415,1.144501,0.0525,0.15,0.0945,0.2985,3.319502,0.7155,0.147,1.719001,0.0285,0.1485,36.472448,957.78
2006-06-25T03:00:00.000000,0.3435,0.336,0.1035,0.717,0.132,0.0765,0.378,1.503001,0.1425,0.714,0.453,1.002001,2.544002,0.0795,0.372,1.512001,12.207008,0.345,0.008333,0.2685,0.0615,0.048,5.493003,0.045,0.213,1.818001,0.036,0.1185,3.597002,0.008333,0.0975,0.008333,0.2085,3.165002,1.855501,0.008333,0.883501,0.4425,1.846501,73.75991,1741.04
2006-06-25T06:00:00.000000,0.171,0.573,0.246,0.273,0.093,0.042,0.174,0.7725,0.2865,0.6675,0.039,0.008333,1.585501,0.1635,1.219501,3.780002,0.7335,0.6375,0.008333,0.2085,0.057,0.1095,0.889501,0.1125,0.12,1.392001,0.0855,0.084,0.3525,0.008333,0.1275,0.0285,0.099,1.917001,0.615,0.162,0.6975,0.027,0.027,31.404961,746.46
2006-06-26T03:00:00.000000,0.222,0.846001,0.2655,0.844501,0.1635,0.225,0.321,2.419502,0.3255,0.6495,0.192,0.108,2.554502,0.1305,2.944502,2.430002,2.053501,0.15,0.0645,0.555,0.051,0.168,2.709002,0.144,0.5205,3.826502,0.2775,0.4125,1.579501,0.0555,0.1125,0.051,0.1995,3.627002,1.441501,0.3165,1.036501,0.387,0.1725,104.057428,1753.86
2006-06-27T03:00:00.000000,0.069,0.1635,0.0525,0.2775,0.0345,0.033,0.057,0.759,0.1545,0.1575,1.062001,0.0285,0.6135,0.084,0.2205,0.147,0.645,0.0945,0.008333,0.225,0.03,0.15,0.5925,0.036,0.1095,0.855001,0.069,0.0915,0.525,0.0225,0.0585,0.0225,0.0915,0.459,0.117,0.111,0.3195,0.008333,0.066,38.742482,539.42
2006-06-28T03:00:00.000000,0.066,0.186,0.0555,0.282,0.0315,0.008333,0.066,0.4995,0.1515,0.1905,0.008333,0.008333,0.672,0.0705,0.237,0.1035,0.603,0.1785,0.008333,0.198,0.008333,0.0915,0.2475,0.0465,0.1245,0.3705,0.036,0.0795,1.219501,0.008333,0.0465,0.008333,0.111,0.4755,0.0915,0.008333,0.4245,0.008333,0.0915,23.554985,376.54
2006-06-28T06:00:00.000000,0.195,0.315,0.093,0.114,0.057,0.0435,0.1125,0.4635,0.336,0.2775,0.008333,0.0345,0.693,0.1155,0.5895,0.1515,0.5475,0.972001,0.008333,0.3405,0.008333,0.0525,0.3165,0.1035,0.1155,0.168,0.0765,0.072,1.417501,0.008333,0.0465,0.0615,0.1755,1.356001,0.198,0.008333,0.5835,0.008333,0.0825,18.064979,418.68
2006-06-29T03:00:00.000000,0.1515,0.2925,0.081,0.759,0.057,0.0495,0.123,2.284501,0.2985,0.2805,0.0195,0.03,1.323001,0.117,0.4185,0.411,1.072501,0.5385,0.0165,0.4035,0.0195,0.3315,0.963001,0.051,0.1755,2.536502,0.0705,0.117,0.831001,0.0285,0.057,0.042,0.1455,1.420501,0.1785,0.039,0.819001,0.012,0.048,40.694965,768.56
2006-06-29T06:00:00.000000,0.228,0.4245,0.129,0.1845,0.09,0.0675,0.2145,0.4335,0.5145,0.456,0.018,0.0405,1.306501,0.201,0.789,0.5115,1.545001,1.342501,0.0165,0.642,0.024,0.261,1.360501,0.081,0.2025,0.531,0.087,0.1395,0.852001,0.0465,0.0735,0.0735,0.2475,2.763002,0.315,0.054,1.144501,0.015,0.0675,43.027464,810.7
2006-06-30T03:00:00.000000,0.1365,0.871501,0.2325,0.888001,0.2295,0.1065,0.453,2.271001,0.1785,0.901501,0.147,0.6525,3.235502,0.171,0.4905,2.112001,12.618008,0.072,0.015,0.57,0.018,0.1395,5.881504,0.099,0.3315,3.264002,0.1275,0.246,4.572003,0.033,0.12,0.036,0.195,5.190003,1.474501,0.171,1.306501,0.123,1.216501,138.094894,2462.0
2006-07-01T06:00:00.000000,0.258,0.4545,0.1485,0.2805,0.108,0.084,0.3165,0.6105,0.423,0.5685,0.008333,0.0465,2.413502,0.21,1.137001,1.143001,1.728001,0.912001,0.008333,0.6885,0.0345,0.1695,1.416001,0.0735,0.1995,0.621,0.075,0.114,0.982501,0.054,0.0825,0.072,0.258,1.938001,0.4305,0.1815,1.293001,0.008333,0.0795,64.854959,1041.7
2006-07-02T03:00:00.000000,0.195,0.4605,0.1365,0.1605,0.0855,0.066,0.165,0.417,0.375,0.4155,0.008333,0.0285,1.605001,0.1665,0.7095,0.594,1.233001,0.0615,0.008333,0.567,0.0315,0.066,0.930001,0.057,0.186,0.4275,0.066,0.12,1.827001,0.0345,0.0615,0.0525,0.2415,2.905502,0.2865,0.008333,0.918001,0.008333,0.066,30.397467,662.42
2006-07-02T06:00:00.000000,0.0855,0.243,0.069,0.192,0.0435,0.027,0.09,0.33,0.2655,0.3165,0.008333,0.008333,1.260001,0.1005,0.4275,0.39,0.786,0.831001,0.008333,0.2955,0.008333,0.057,0.6075,0.036,0.093,0.2295,0.042,0.057,1.714501,0.008333,0.0375,0.0645,0.156,1.320001,0.159,0.008333,0.543,0.008333,0.008333,13.814977,400.52
2006-07-03T03:00:00.000000,0.174,0.3105,0.0975,0.114,0.06,0.0435,0.12,0.27,0.225,0.2865,0.0135,0.042,1.033501,0.141,0.4035,0.3975,0.985501,0.1065,0.0225,0.4965,0.0135,0.237,0.666,0.075,0.135,0.306,0.063,0.087,1.123501,0.0345,0.0675,0.0495,0.174,1.074001,0.1755,0.0465,0.879001,0.0135,0.072,25.197478,485.18
2006-07-03T06:00:00.000000,0.2115,0.309,0.099,0.1185,0.0645,0.039,0.15,0.255,0.2955,0.306,0.0165,0.042,0.958501,0.135,0.522,0.396,1.080001,0.63,0.018,0.4515,0.021,0.156,0.66,0.054,0.132,0.3015,0.0555,0.0795,0.5205,0.033,0.048,0.057,0.1665,1.381501,0.219,0.072,0.843001,0.012,0.0675,12.164977,390.04
2006-07-04T03:00:00.000000,0.378,0.591,0.1935,0.2445,0.1215,0.084,0.2505,0.612,0.366,0.549,0.024,0.0825,2.106001,0.2745,0.6375,0.963001,1.966501,0.2505,0.0195,0.948001,0.036,0.339,1.398001,0.0855,0.255,0.735,0.087,0.138,1.107001,0.063,0.0705,0.093,0.33,2.356501,0.3135,0.1095,1.764001,0.0165,0.1605,46.699958,910.12
2006-07-04T06:00:00.000000,0.21,0.333,0.096,0.1335,0.0675,0.048,0.1455,0.309,0.243,0.318,0.0165,0.0375,1.419001,0.1485,0.486,0.6765,1.228501,0.6165,0.015,0.4845,0.0225,0.1785,1.003501,0.0735,0.135,0.3855,0.0735,0.0945,0.7425,0.033,0.0525,0.0495,0.1665,1.725001,0.2805,0.105,0.949501,0.0135,0.072,24.672472,549.06
2006-07-05T03:00:00.000000,0.27,0.399,0.135,0.1875,0.0795,0.0615,0.18,0.4455,0.4335,0.5325,0.027,0.057,2.335501,0.168,1.438501,0.840001,1.566001,0.516,0.0375,0.528,0.008333,0.2055,1.200001,0.069,0.147,0.426,0.0705,0.0915,2.641502,0.036,0.0435,0.09,0.249,1.960501,1.768501,0.0615,0.985501,0.042,0.1095,1.639957,558.06
2006-07-05T06:00:00.000000,0.33,0.582,0.1935,0.2805,0.1215,0.093,0.261,0.6795,0.5565,0.717,0.0315,0.0615,4.422003,0.231,4.311003,1.285501,2.011501,1.039501,0.123,0.6765,0.0315,0.189,1.555501,0.0765,0.2655,0.805501,0.0735,0.186,2.913002,0.0525,0.045,0.1005,0.3195,3.010502,2.733002,0.102,1.260001,0.0345,0.105,18.314934,996.28
2006-07-06T03:00:00.000000,0.1545,0.771,0.1935,0.873001,0.219,0.1005,0.4695,2.355001,0.288,1.150501,0.138,0.7455,4.428003,0.249,3.288002,3.093002,11.697007,0.333,0.102,0.576,0.008333,0.1365,7.873505,0.0585,0.399,3.369002,0.0765,0.156,4.743003,0.0345,0.054,0.0465,0.207,6.570004,2.734502,0.1545,1.491001,0.087,1.404001,33.164873,1887.18
2006-07-06T06:00:00.000000,0.333,0.723,0.2235,0.366,0.141,0.102,0.297,0.817501,0.6435,0.937501,0.108,0.195,3.457502,0.342,3.273002,3.934502,4.387503,0.939001,0.033,0.904501,0.099,0.2865,2.563502,0.114,0.276,1.060501,0.114,0.1695,1.797001,0.0615,0.0735,0.099,0.327,7.686005,3.205502,0.2355,1.732501,0.0465,0.3765,89.864911,1851.76
2006-07-07T03:00:00.000000,0.219,0.264,0.075,0.213,0.0555,0.0255,0.1125,0.426,0.2085,0.324,0.008333,0.0375,1.425001,0.111,0.6405,0.5865,0.820501,0.1605,0.008333,0.3285,0.008333,0.1335,0.5955,0.078,0.126,0.3465,0.0585,0.096,0.6045,0.008333,0.069,0.042,0.1845,2.448002,0.189,0.291,0.585,0.008333,0.045,26.954975,533.74
2006-07-07T06:00:00.000000,0.123,0.237,0.0795,0.008333,0.048,0.036,0.1095,0.3225,0.3585,0.318,0.008333,0.0255,1.231501,0.1095,0.7875,0.465,0.5895,0.6105,0.008333,0.3135,0.008333,0.075,0.405,0.1785,0.102,0.1905,0.1005,0.057,0.4125,0.008333,0.0615,0.069,0.1755,9.462006,0.2625,0.008333,0.567,0.008333,0.0435,29.907463,717.44
2006-07-08T03:00:00.000000,0.4335,0.847501,0.2685,0.5325,0.156,0.0945,0.2865,0.982501,0.4875,0.7755,0.0615,0.1545,2.349001,0.258,1.867501,1.708501,4.633503,0.5655,0.048,0.78,0.0315,0.1095,2.610002,0.0945,0.234,0.807001,0.117,0.1695,1.752001,0.054,0.075,0.111,0.405,2.526002,0.975001,0.174,1.483501,0.048,0.2775,83.889939,1453.64
2006-07-08T06:00:00.000000,0.117,0.2235,0.066,0.2115,0.051,0.008333,0.108,0.3255,0.1935,0.306,0.384,0.0165,0.931501,0.0915,0.4755,0.354,0.7365,0.6495,0.008333,0.258,0.008333,0.042,0.6135,0.042,0.0795,0.204,0.0345,0.0555,0.3675,0.008333,0.0375,0.0585,0.132,1.036501,0.312,0.0345,0.504,0.008333,0.0345,19.562481,398.92
2006-07-09T03:00:00.000000,0.3255,0.624,0.2025,0.913501,0.1215,0.0825,0.237,2.619002,0.435,0.5025,0.027,0.099,2.310001,0.279,0.979501,1.215001,2.002501,0.1605,0.0195,0.937501,0.027,0.36,1.434001,0.0795,0.216,2.814002,0.105,0.1335,1.134001,0.0705,0.081,0.0945,0.351,2.838002,0.5835,0.096,1.732501,0.051,0.189,78.182445,1331.66
2006-07-09T06:00:00.000000,0.141,0.258,0.0855,0.126,0.0585,0.0405,0.126,0.348,0.258,0.2565,0.012,0.0345,1.375501,0.1185,0.609,0.603,1.174501,0.6315,0.012,0.399,0.0165,0.1245,0.898501,0.045,0.111,0.3285,0.0465,0.057,1.722001,0.027,0.039,0.0375,0.153,1.414501,0.591,0.0495,0.810001,0.015,0.0615,17.989972,496.32
2006-07-10T06:00:00.000000,0.252,0.3855,0.1335,0.159,0.093,0.0885,0.21,0.4275,0.3945,0.7245,0.008333,0.1365,3.189002,0.1905,2.619002,0.5565,1.687501,0.201,0.008333,0.474,0.008333,0.1575,1.045501,0.1365,0.2295,0.51,0.081,0.1185,0.7275,0.0375,0.123,0.084,0.2325,2.071501,3.657002,0.0435,1.483501,0.008333,0.129,42.587452,948.5
2006-07-11T03:00:00.000000,0.3765,0.447,0.1695,0.21,0.111,0.075,0.3825,0.411,0.534,0.69,0.0345,0.0795,3.493502,0.342,1.542001,0.849001,2.071501,0.0735,0.036,0.7905,0.0315,0.129,1.114501,0.081,0.2355,0.522,0.078,0.117,1.387501,0.051,0.084,0.072,0.294,1.911001,0.66,0.008333,1.303501,0.0225,0.15,23.719956,748.78
2006-07-11T06:00:00.000000,0.315,0.384,0.123,0.1875,0.117,0.066,0.1965,0.36,0.426,0.838501,0.03,0.075,4.653003,0.291,2.637002,0.702,1.875001,1.068001,0.008333,0.7695,0.033,0.1815,1.092001,0.147,0.1605,0.465,0.1035,0.072,1.165501,0.0465,0.0645,0.0915,0.2595,1.677001,1.297501,0.1065,1.164001,0.008333,0.129,39.567451,939.78
2006-07-12T03:00:00.000000,0.3705,0.6105,0.243,0.366,0.1095,0.0855,0.2295,0.804001,0.4245,0.913501,0.0315,0.108,3.123002,0.252,1.119001,1.474501,2.556002,0.1005,0.09,0.942001,0.036,0.2415,2.299501,0.114,0.2505,0.876001,0.0975,0.144,1.672501,0.0705,0.1245,0.0825,0.36,2.895002,0.5235,0.1695,1.425001,0.027,0.198,26.762447,895.7
2006-07-12T06:00:00.000000,0.3255,0.5415,0.1965,0.2085,0.105,0.0645,0.1785,0.4485,0.4455,0.732,0.0345,0.099,3.007502,0.255,2.020501,0.828001,2.107501,0.984001,0.1005,0.774,0.033,0.2325,1.686001,0.1005,0.1815,0.4605,0.108,0.084,1.276501,0.0615,0.0705,0.1125,0.3045,2.376001,0.612,0.114,1.246501,0.027,0.153,50.814953,1011.76
2006-07-13T03:00:00.000000,0.2805,0.363,0.123,0.135,0.0735,0.12,0.165,0.2685,0.3585,0.7125,0.008333,0.057,3.253502,0.261,2.328001,0.681,1.164001,0.075,0.033,0.669,0.008333,0.174,0.945001,0.081,0.135,0.285,0.1005,0.0675,0.66,0.057,0.069,0.063,0.246,1.557001,0.838501,0.18,1.018501,0.0225,0.108,4.554963,509.24
2006-07-13T06:00:00.000000,0.2835,0.4005,0.1335,0.153,0.087,0.0795,0.186,0.303,0.39,0.856501,0.0315,0.0795,3.259502,0.231,3.180002,0.7095,1.539001,0.910501,0.008333,0.642,0.033,0.162,1.156501,0.0555,0.1605,0.3675,0.0615,0.0795,0.817501,0.048,0.057,0.087,0.2325,1.842001,1.162501,0.1755,1.149001,0.0225,0.1575,46.299956,937.94
2006-07-14T03:00:00.000000,0.4725,0.7935,0.2685,0.924001,0.165,0.1005,0.348,2.206501,0.5205,0.882001,0.048,0.144,4.092003,0.372,2.709002,1.377001,5.979004,0.144,0.081,1.197001,0.153,0.4425,2.832002,0.1455,0.3375,2.458502,0.1425,0.1695,4.092003,0.093,0.2115,0.1455,0.4695,2.920502,0.66,0.2505,2.008501,0.1365,0.27,39.392415,1402.14
2006-07-15T03:00:00.000000,0.7575,1.438501,0.441,0.7845,0.2595,0.156,0.489,1.782001,0.972001,1.354501,0.0495,0.267,3.222002,0.5265,0.7695,1.440001,4.252503,0.4905,0.0945,1.749001,0.0795,0.4755,2.734502,0.2025,0.4425,1.764001,0.1695,0.243,3.123002,0.1185,0.129,0.21,0.7935,3.426002,0.777,0.2475,2.911502,0.078,0.4515,49.744917,1455.88
2006-07-15T06:00:00.000000,0.288,1.089001,0.33,0.6585,0.2025,0.1275,0.396,1.633501,0.618,1.299001,0.039,0.2685,7.495505,0.369,0.5835,2.709002,6.115504,1.047001,0.066,1.063501,0.0375,0.3105,4.666503,0.1365,0.345,1.483501,0.129,0.192,3.588002,0.0735,0.108,0.135,0.516,5.731504,1.113001,0.1695,1.986001,0.048,0.3045,26.127401,1474.94
2006-07-16T03:00:00.000000,0.0975,0.093,0.03,0.2025,0.0585,0.008333,0.0585,0.549,0.1395,0.2745,0.008333,0.008333,2.913002,0.0465,0.982501,0.672,0.5385,0.042,0.008333,0.12,0.008333,0.027,0.7455,0.03,0.0735,0.726,0.03,0.0435,0.2835,0.008333,0.0285,0.008333,0.087,1.978501,0.123,0.008333,0.306,0.008333,0.008333,5.942476,349.06
2006-07-16T06:00:00.000000,0.114,0.1755,0.0435,0.069,0.0435,0.027,0.099,0.474,0.147,0.369,0.008333,0.0585,2.689502,0.0495,0.762,1.315501,2.208001,0.5955,0.008333,0.123,0.008333,0.008333,1.741501,0.0345,0.099,0.426,0.033,0.054,0.949501,0.008333,0.008333,0.036,0.1245,2.688002,0.1155,0.008333,0.3345,0.008333,0.1095,3.607466,458.58
2006-07-17T03:00:00.000000,0.1155,0.2505,0.075,0.2985,0.084,0.06,0.228,0.7575,0.276,0.459,0.0765,0.3525,2.968502,0.0885,0.7515,1.471501,5.823004,0.036,0.008333,0.246,0.008333,0.09,3.099002,0.06,0.1815,1.009501,0.072,0.099,1.983001,0.0345,0.069,0.024,0.1245,4.738503,0.36,0.048,0.63,0.06,0.621,55.639942,1184.4
2006-07-18T06:00:00.000000,0.261,0.5475,0.1755,0.2625,0.114,0.078,0.171,0.5475,0.4935,0.633,0.008333,0.1035,4.483503,0.1815,3.108002,1.956001,3.219002,0.930001,0.008333,0.582,0.008333,0.168,2.440502,0.0975,0.1875,0.6075,0.114,0.1155,1.857001,0.0435,0.057,0.093,0.2295,4.423503,1.779001,0.198,0.963001,0.0885,0.1965,47.472434,1220.0
2006-07-19T03:00:00.000000,0.234,0.1905,0.0915,0.0885,0.057,0.0375,0.1125,0.171,0.2655,0.285,0.008333,0.008333,2.292001,0.102,0.669,0.6555,0.6315,0.0675,0.008333,0.3495,0.008333,0.12,0.798,0.054,0.096,0.2055,0.0465,0.051,0.396,0.0285,0.051,0.0405,0.1185,1.786501,0.18,0.069,0.558,0.008333,0.039,2.062477,308.28
2006-07-20T03:00:00.000000,0.3,0.27,0.1125,0.2055,0.0705,0.045,0.261,0.546,0.24,0.408,0.008333,0.0405,1.261501,0.141,0.429,0.405,0.819001,0.105,0.008333,0.4665,0.008333,0.1095,0.744,0.0465,0.1515,0.5115,0.0375,0.114,0.669,0.0405,0.0525,0.048,0.168,1.095001,0.177,0.2055,0.847501,0.008333,0.0675,38.114977,603.96
2006-07-20T06:00:00.000000,0.5445,1.035001,0.3315,0.342,0.201,0.1455,0.4365,0.6465,0.943501,0.855001,0.051,0.129,1.425001,0.387,1.230001,0.5025,2.130001,0.906001,0.039,1.327501,0.042,0.3435,0.996001,0.111,0.2895,0.681,0.1335,0.1455,1.093501,0.108,0.063,0.1455,0.462,1.590001,0.495,0.0945,2.233501,0.0285,0.231,32.257452,868.58
2006-07-21T03:00:00.000000,0.2235,0.5025,0.378,0.825001,0.1005,0.0615,0.3,2.401502,0.267,0.498,0.051,0.129,2.596502,0.189,3.495002,1.347001,3.264002,0.1035,0.008333,0.597,0.021,0.6075,1.777501,0.138,0.207,2.620502,0.114,0.465,1.818001,0.0435,0.1395,0.0705,0.2505,2.296501,0.543,0.1845,0.993001,0.045,0.255,192.592438,2338.6
2006-07-22T03:00:00.000000,0.138,0.2085,0.06,0.2475,0.0855,0.045,0.2265,0.4725,0.1035,0.4305,0.0555,0.168,2.631002,0.0885,0.2355,1.239001,3.285002,0.066,0.008333,0.2625,0.008333,0.0675,2.020501,0.0285,0.129,0.582,0.039,0.051,1.393501,0.008333,0.033,0.008333,0.1005,2.823002,0.1515,0.126,0.6045,0.0375,0.3165,0.727461,500.62
2006-07-23T03:00:00.000000,0.2655,0.3555,0.141,0.4545,0.0735,0.051,0.2025,1.011001,0.3255,0.528,0.039,0.0855,2.382001,0.138,3.222002,2.073001,2.493002,0.0465,0.054,0.411,0.008333,0.1545,1.452001,0.06,0.15,1.030501,0.075,0.1365,1.117501,0.039,0.057,0.0495,0.1335,2.232001,0.805501,0.174,0.808501,0.021,0.1545,33.014952,877.54
2006-07-23T06:00:00.000000,0.21,0.6585,0.207,0.588,0.165,0.114,0.3945,1.152001,0.2595,0.838501,0.09,0.3,4.413003,0.15,2.106001,3.858002,9.958506,0.36,0.036,0.4245,0.008333,0.135,5.454003,0.054,0.3075,1.200001,0.069,0.1545,3.573002,0.033,0.0495,0.048,0.1455,4.870503,0.756,0.072,1.146001,0.0525,0.4875,18.134906,1342.18
2006-07-24T03:00:00.000000,0.3705,0.567,0.1905,0.2625,0.1155,0.075,0.285,0.546,0.447,0.6915,0.0345,0.0555,3.313502,0.2505,2.877002,1.048501,2.304001,0.1035,0.0405,0.846001,0.0375,0.213,1.443001,0.1245,0.1905,0.7425,0.0945,0.087,1.227001,0.0525,0.0825,0.0795,0.2955,2.338501,0.829501,0.1545,1.414501,0.03,0.108,15.23245,761.02
2006-07-24T06:00:00.000000,0.216,0.264,0.0915,0.1185,0.0675,0.372,0.174,0.258,0.393,0.666,0.008333,0.033,3.382502,0.213,4.912503,0.774,1.171501,0.675,0.0345,0.438,0.054,0.1305,1.104001,0.1545,0.12,0.426,0.099,0.057,0.7245,0.0315,0.0675,0.0645,0.1545,1.836001,0.702,0.2265,0.693,0.008333,0.054,48.189956,944.32
2006-07-25T03:00:00.000000,0.2295,0.267,0.1005,0.096,0.051,0.042,0.1035,0.1875,0.2625,0.3795,0.008333,0.0315,1.666501,0.1245,1.546501,0.3495,0.7095,0.008333,0.0555,0.4035,0.008333,0.0345,0.486,0.1035,0.1065,0.2955,0.123,0.0645,0.6285,0.008333,0.063,0.0705,0.192,0.912001,1.152001,0.0405,0.594,0.008333,0.069,3.289976,334.18
2006-07-25T06:00:00.000000,0.0705,0.3795,0.117,0.135,0.072,0.033,0.1455,0.384,0.339,0.4125,0.008333,0.051,1.170001,0.1665,1.348501,0.501,1.087501,0.5625,0.0405,0.6105,0.039,0.2295,0.805501,0.21,0.1215,0.333,0.216,0.093,0.954001,0.0525,0.135,0.102,0.291,1.303501,1.338001,0.066,0.777,0.008333,0.1575,3.877469,427.06
2006-07-26T03:00:00.000000,0.1455,0.2385,0.0735,0.1395,0.057,0.051,0.126,0.255,0.2505,0.2385,0.018,0.039,1.450501,0.1155,0.675,0.693,1.231501,0.123,0.008333,0.4125,0.036,0.123,1.074001,0.06,0.1335,0.348,0.0675,0.0705,0.7725,0.0375,0.198,0.036,0.1425,1.576501,0.5715,0.1245,0.7365,0.008333,0.093,6.692474,387.82
2006-07-26T06:00:00.000000,0.267,0.396,0.1335,0.162,0.084,0.057,0.1575,0.3165,0.6075,0.4275,0.024,0.0495,1.903501,0.1845,1.146001,0.823501,1.662001,0.5355,0.008333,0.675,0.027,0.1995,1.623001,0.111,0.186,0.3645,0.1035,0.099,0.951001,0.054,0.099,0.093,0.2505,2.092501,0.879001,0.1275,0.870001,0.0405,0.186,7.974963,542.98
2006-07-27T06:00:00.000000,0.1245,0.1965,0.066,0.0735,0.045,0.0345,0.102,0.153,0.2595,0.3705,0.021,0.033,1.611001,0.129,1.816501,0.462,0.7005,0.618,0.008333,0.354,0.0255,0.0945,0.6435,0.042,0.087,0.2505,0.045,0.054,0.4395,0.0315,0.033,0.0405,0.1335,1.032001,0.5085,0.087,0.5925,0.018,0.066,20.507476,467.92
2006-07-28T03:00:00.000000,0.2385,0.1875,0.063,0.0945,0.0495,0.0345,0.0825,0.1995,0.2895,0.393,0.06,0.048,3.715502,0.147,4.294503,0.72,0.996001,0.201,0.008333,0.3705,0.008333,0.093,0.907501,0.045,0.1005,0.3705,0.039,0.0465,0.594,0.008333,0.048,0.0375,0.12,1.723501,1.465501,0.111,0.5835,0.0675,0.144,1.214961,507.94
2006-07-28T06:00:00.000000,0.1605,0.1755,0.06,0.0735,0.0525,0.0315,0.0885,0.1455,0.234,0.3225,0.033,0.0315,1.822501,0.141,1.602001,0.426,0.711,0.927001,0.008333,0.345,0.008333,0.0855,0.606,0.0285,0.075,0.207,0.0345,0.039,0.423,0.008333,0.008333,0.0645,0.12,1.216501,0.4125,0.087,0.4995,0.0285,0.0615,20.454976,466.96
2006-07-29T03:00:00.000000,0.6705,1.171501,0.3765,0.507,0.21,0.135,0.4095,1.020001,0.654,0.958501,0.066,0.21,2.199001,0.4995,1.545001,1.128001,3.622502,0.447,0.045,1.746001,0.204,0.5805,1.989001,0.198,0.4125,1.135501,0.159,0.2445,2.223001,0.123,0.204,0.24,0.642,2.589002,0.7005,0.2355,2.611502,0.0645,0.408,73.402432,1456.14
2006-07-29T06:00:00.000000,0.3075,0.633,0.2145,0.222,0.117,0.0735,0.2175,0.51,0.45,0.5925,0.0315,0.0885,2.127001,0.2715,1.194001,0.834001,1.950001,0.696,0.0555,0.882001,0.0705,0.3045,1.300501,0.1005,0.2175,0.615,0.1155,0.1335,1.965001,0.06,0.0825,0.105,0.3405,1.783501,0.4155,0.1515,1.453501,0.03,0.1755,36.719956,850.76
2006-07-30T03:00:00.000000,0.279,0.4815,0.162,0.1785,0.0855,0.054,0.18,0.3975,0.384,0.4515,0.024,0.0645,1.729501,0.2085,0.972001,0.582,1.468501,0.3405,0.039,0.7005,0.0255,0.258,0.858001,0.0795,0.1935,0.4455,0.0675,0.1395,0.888001,0.0525,0.066,0.087,0.2655,1.465501,0.42,0.075,1.242001,0.0195,0.195,36.867467,711.62
2006-08-01T06:00:00.000000,0.1995,0.6765,0.4365,0.282,0.12,0.072,0.2775,0.756,0.5145,1.002001,0.048,0.0765,3.621002,0.2085,5.629504,1.384501,9.583506,0.925501,0.132,0.627,0.0405,0.2325,3.015002,0.114,0.2505,1.318501,0.111,0.147,5.787004,0.0525,0.1185,0.1185,0.252,2.328001,1.509001,0.15,1.015501,0.189,0.1185,20.372409,1321.38
2006-08-02T03:00:00.000000,0.1965,0.354,0.3,0.3015,0.0705,0.051,0.1665,0.609,0.3345,0.426,0.027,0.048,2.319001,0.1545,3.418502,1.024501,2.404502,0.399,0.243,0.489,0.0585,0.1665,1.581001,0.0615,0.1905,0.7215,0.0705,0.1275,1.258501,0.0375,0.1245,0.1185,0.192,2.368501,1.060501,0.1065,0.802501,0.0345,0.099,3.654953,629.68
2006-08-03T03:00:00.000000,0.198,0.1515,0.069,0.3135,0.045,0.0285,0.099,0.907501,0.1875,0.225,0.008333,0.027,2.395502,0.0585,1.317001,0.4665,0.507,0.1185,0.008333,0.198,0.008333,0.045,0.5865,0.048,0.12,0.859501,0.033,0.0795,0.411,0.008333,0.0465,0.0375,0.1335,1.795501,0.1635,0.008333,0.351,0.008333,0.008333,6.519975,372.9
2006-08-03T06:00:00.000000,0.1065,0.862501,0.354,0.898501,0.1005,0.06,0.1665,2.493002,0.4185,0.363,0.0345,0.096,2.115001,0.093,0.783,0.7515,2.001001,0.3105,0.008333,0.384,0.0315,0.0495,1.518001,0.105,0.201,2.362501,0.1425,0.168,0.907501,0.008333,0.096,0.0525,0.2355,4.798503,0.4095,0.008333,0.582,0.036,0.117,67.967449,1189.24
2006-08-04T03:00:00.000000,0.1365,0.141,0.0555,0.6015,0.0585,0.036,0.1995,1.491001,0.111,0.3315,0.0555,0.0915,2.287501,0.0795,0.288,1.188001,1.878001,0.186,0.008333,0.27,0.008333,0.066,3.651002,0.042,0.1485,1.633501,0.0465,0.0945,0.7365,0.008333,0.0375,0.008333,0.084,3.370502,0.4545,0.0465,0.591,0.0315,0.1755,2.779957,574.2
2006-08-06T03:00:00.000000,0.102,0.198,0.063,0.12,0.039,0.0285,0.081,0.336,0.1725,0.2625,0.012,0.03,1.234501,0.087,0.393,0.3495,0.714,0.1695,0.008333,0.288,0.008333,0.174,0.531,0.027,0.1035,0.342,0.033,0.0735,0.468,0.027,0.0405,0.033,0.099,1.078501,0.1515,0.042,0.525,0.012,0.048,19.699982,384.0
2006-08-06T06:00:00.000000,0.0795,0.144,0.045,0.066,0.0285,0.0225,0.06,0.1635,0.177,0.1875,0.012,0.0225,0.924001,0.057,0.3195,0.294,0.534,0.5145,0.012,0.192,0.008333,0.162,0.4335,0.015,0.069,0.165,0.0345,0.0495,0.315,0.0195,0.033,0.0255,0.078,0.850501,0.12,0.0285,0.3855,0.008333,0.033,14.754986,296.0
2006-08-07T03:00:00.000000,0.3345,0.6165,0.1935,0.3075,0.1095,0.0705,0.2175,0.804001,0.4245,0.4905,0.0315,0.1995,1.899001,0.2175,0.996001,0.7125,1.741501,0.141,0.008333,0.808501,0.0345,0.117,0.978001,0.066,0.2355,0.72,0.06,0.138,0.997501,0.045,0.075,0.0795,0.354,1.873501,0.5445,0.0795,1.330501,0.03,0.1755,50.167462,888.0
2006-08-07T06:00:00.000000,0.3585,0.5835,0.186,0.2535,0.108,0.0765,0.2265,0.7155,0.4875,0.648,0.0165,0.075,1.651501,0.21,1.198501,0.5265,1.639501,0.952501,0.008333,0.777,0.03,0.2145,0.985501,0.0615,0.1905,0.6045,0.069,0.108,1.183501,0.048,0.0465,0.105,0.2985,1.728001,0.876001,0.0585,2.628002,0.0225,0.156,27.482458,756.0
2006-08-08T03:00:00.000000,0.2235,0.522,0.1605,0.4215,0.0945,0.0405,0.1875,1.065001,0.366,0.4725,0.0255,0.06,1.315501,0.1875,0.7515,0.438,1.524001,0.3405,0.008333,0.6315,0.03,0.1185,0.862501,0.0795,0.1785,0.967501,0.0645,0.117,0.894001,0.0435,0.0915,0.087,0.2685,1.297501,0.261,0.084,1.135501,0.024,0.1245,27.552468,635.28
2006-08-09T03:00:00.000000,0.0795,0.345,0.0795,0.555,0.1005,0.0555,0.261,1.431001,0.1425,0.414,0.192,0.4395,2.710502,0.072,1.269001,2.013001,7.243505,0.129,0.0165,0.234,0.008333,0.075,4.663503,0.042,0.2115,1.645501,0.057,0.1035,2.779502,0.0255,0.045,0.0255,0.09,5.176503,0.207,0.0345,0.606,0.147,0.813001,12.087428,1017.52
2006-08-09T06:00:00.000000,0.1335,0.4455,0.0945,0.7215,0.117,0.072,0.2805,1.743001,0.3975,0.930001,0.486,0.534,3.355502,0.105,1.020001,2.418002,9.361506,0.435,0.0165,0.3615,0.008333,0.0945,7.518005,0.0615,0.24,1.678501,0.0765,0.1215,3.313502,0.027,0.0525,0.036,0.12,7.854005,1.506001,0.069,1.198501,0.405,0.981001,122.604899,2271.02
2006-08-10T03:00:00.000000,0.231,0.4365,0.153,0.5865,0.087,0.054,0.1755,1.618501,0.357,0.396,0.008333,0.045,2.452502,0.126,1.687501,0.738,1.480501,0.0405,0.084,0.441,0.008333,0.111,1.185001,0.087,0.159,1.570501,0.0645,0.099,0.831001,0.0345,0.0495,0.06,0.2055,2.529002,0.3405,0.039,0.7905,0.008333,0.078,32.972459,781.8
2006-08-10T06:00:00.000000,0.4635,1.089001,0.426,0.6195,0.1665,0.111,0.324,1.507501,0.862501,0.816001,0.0345,0.2115,2.640002,0.3195,3.517502,1.132501,3.010502,0.858001,0.0855,1.156501,0.066,0.3465,1.437001,0.1635,0.2775,1.372501,0.1515,0.228,1.365001,0.0765,0.108,0.138,0.531,3.432002,0.996001,0.084,1.627501,0.0495,0.183,41.774933,1187.12
2006-08-12T03:00:00.000000,0.1125,0.0615,0.008333,0.0405,0.008333,0.008333,0.078,0.0885,0.09,0.12,0.008333,0.008333,1.068001,0.045,0.168,0.33,0.3945,0.0285,0.008333,0.1515,0.008333,0.0495,0.369,0.008333,0.045,0.099,0.008333,0.008333,0.2385,0.008333,0.008333,0.008333,0.066,0.853501,0.066,0.008333,0.246,0.008333,0.008333,6.13999,177.68
2006-08-12T06:00:00.000000,0.111,0.0915,0.0405,0.1065,0.0375,0.008333,0.1575,0.288,0.1005,0.363,0.008333,0.008333,0.996001,0.0525,0.2025,0.5265,0.5175,0.57,0.008333,0.171,0.008333,0.0285,0.471,0.008333,0.069,0.327,0.008333,0.0285,0.3705,0.008333,0.008333,0.008333,0.0855,2.451002,0.1935,0.0765,0.3075,0.008333,0.0345,9.779982,312.46
2006-08-13T03:00:00.000000,0.0585,0.087,0.03,0.18,0.0195,0.018,0.042,0.4965,0.087,0.117,0.012,0.0135,1.189501,0.0345,0.1995,0.3795,0.4245,0.093,0.008333,0.1275,0.008333,0.0975,0.456,0.0315,0.0465,0.5415,0.0315,0.0285,0.2565,0.0135,0.048,0.033,0.051,1.821001,0.066,0.039,0.2385,0.018,0.0225,5.054984,239.12
2006-08-13T06:00:00.000000,0.0825,0.4935,0.102,0.841501,0.147,0.069,0.315,2.052001,0.12,0.6885,0.1425,0.3735,4.272003,0.084,0.552,2.722502,11.017507,0.2925,0.018,0.2685,0.008333,0.063,6.856504,0.0555,0.2775,2.236501,0.0645,0.1155,4.318503,0.03,0.0645,0.024,0.0915,9.963006,1.806001,0.0675,0.906001,0.072,0.6525,3.729891,1425.02
2006-08-14T06:00:00.000000,0.105,0.675,0.1545,0.777,0.1965,0.0915,0.4065,1.774501,0.198,0.645,0.261,0.708,2.490002,0.099,1.120501,3.244502,13.390508,0.2775,0.008333,0.3345,0.008333,0.0885,7.378505,0.0405,0.36,1.737001,0.054,0.126,4.804503,0.0195,0.0345,0.0135,0.126,10.644007,0.5145,0.042,0.979501,0.1665,1.299001,68.674884,2026.16
2006-08-15T06:00:00.000000,0.132,0.735,0.1875,0.7785,0.198,0.1035,0.4485,1.722001,0.237,0.7065,0.2655,0.6885,5.278503,0.126,0.798,3.610502,12.745508,0.3135,0.012,0.4035,0.0435,0.111,8.434505,0.0615,0.3975,1.792501,0.0825,0.1695,4.654503,0.033,0.0495,0.036,0.138,9.210006,0.7065,0.0405,1.189501,0.1695,1.273501,41.384879,1879.96
2006-08-16T03:00:00.000000,0.111,0.144,0.0915,0.0705,0.0225,0.0225,0.0795,0.162,0.18,0.3705,0.008333,0.008333,2.065501,0.081,1.614001,0.612,0.867001,0.008333,0.111,0.237,0.1035,0.078,1.032001,0.0255,0.084,0.291,0.0705,0.078,0.6615,0.024,0.1185,0.0345,0.0855,2.050501,1.363501,0.12,0.402,0.008333,0.008333,17.084972,495.82
2006-08-16T06:00:00.000000,0.0555,0.1485,0.054,0.1755,0.0405,0.0405,0.1245,0.234,0.1545,0.348,0.008333,0.008333,2.671502,0.078,0.66,1.059001,1.146001,0.5805,0.008333,0.249,0.0405,0.0435,1.795501,0.0375,0.108,0.3255,0.0555,0.0735,0.870001,0.0345,0.045,0.051,0.081,2.727002,0.1995,0.1365,0.414,0.008333,0.06,11.777469,492.1
2006-08-17T03:00:00.000000,0.357,0.4875,0.192,0.985501,0.108,0.069,0.3945,2.644502,0.42,0.501,0.0345,0.0795,1.876501,0.216,0.814501,0.945001,1.914001,0.0825,0.008333,0.753,0.0285,0.237,1.081501,0.0825,0.318,2.451002,0.09,0.123,1.108501,0.066,0.09,0.087,0.285,1.911001,0.3645,0.0825,1.423501,0.024,0.153,25.942452,817.72
2006-08-17T06:00:00.000000,0.429,0.675,0.222,0.3465,0.1275,0.123,0.2865,0.714,0.615,0.666,0.0345,0.1035,1.675501,0.288,0.951001,0.811501,2.199001,0.792,0.0375,0.988501,0.0435,0.2865,1.149001,0.1875,0.3135,0.723,0.144,0.1275,1.083001,0.081,0.1455,0.1245,0.3705,1.791001,0.4155,0.1575,3.031502,0.024,0.1965,45.417453,962.82
2006-08-18T03:00:00.000000,0.7155,1.296001,0.4515,0.6195,0.243,0.147,0.465,1.495501,0.912001,1.399501,0.057,0.1965,3.327002,0.5085,2.829002,1.471501,4.842003,0.1995,0.051,1.711501,0.072,0.636,2.673002,0.1815,0.4485,1.458001,0.156,0.2385,2.088001,0.123,0.171,0.1875,0.6465,3.688502,1.110001,0.177,3.348002,0.039,0.3615,74.029915,1678.68
2006-08-18T06:00:00.000000,0.2445,0.4545,0.1485,0.1425,0.078,0.048,0.159,0.351,0.5325,0.4995,0.0195,0.0525,1.384501,0.207,1.065001,0.438,1.309501,0.987001,0.021,0.708,0.027,0.2745,0.7245,0.0555,0.186,0.387,0.0525,0.096,0.63,0.048,0.072,0.0645,0.2745,2.266501,0.4455,0.0585,1.132501,0.0135,0.096,35.697467,705.7
2006-08-19T03:00:00.000000,0.1875,0.2415,0.0825,0.1365,0.0555,0.0255,0.18,0.3225,0.1965,0.303,0.008333,0.036,0.999001,0.1245,0.3735,0.39,0.943501,0.1725,0.008333,0.4335,0.008333,0.1125,0.853501,0.039,0.1695,0.345,0.033,0.06,0.5745,0.008333,0.033,0.039,0.15,1.213501,0.1695,0.0585,0.880501,0.008333,0.072,25.632479,472.0
2006-08-19T06:00:00.000000,0.177,0.2355,0.0855,0.096,0.1995,0.0345,0.198,0.2235,0.249,0.2985,0.008333,0.0345,0.937501,0.1155,0.4275,0.378,1.008001,0.597,0.008333,0.393,0.008333,0.1065,0.639,0.0315,0.123,0.2325,0.0345,0.0465,0.57,0.03,0.0285,0.051,0.1365,1.072501,0.1785,0.0495,0.7125,0.008333,0.069,25.32498,464.0
2006-08-20T03:00:00.000000,0.297,0.5235,0.222,1.575001,0.123,0.0645,0.2775,4.365003,0.3525,0.54,0.108,0.3315,3.246002,0.1515,2.787002,1.420501,6.337504,0.2835,0.0315,0.5625,0.0195,0.2535,2.836502,0.0645,0.2385,4.438503,0.0975,0.1635,2.175001,0.045,0.057,0.057,0.195,5.056503,1.015501,0.2085,1.335001,0.06,0.5925,61.807411,1628.02
2006-08-20T06:00:00.000000,0.2925,0.6225,0.2055,0.3705,0.123,0.0825,0.2595,0.942001,0.4695,0.735,0.051,0.111,2.634002,0.207,2.254501,1.698001,2.823002,0.7215,0.033,0.6465,0.0345,0.201,1.837501,0.0735,0.2955,1.198501,0.096,0.174,1.428001,0.063,0.0495,0.0615,0.315,2.796002,1.243501,0.186,1.446001,0.0525,0.2055,52.849944,1143.84
2006-08-21T06:00:00.000000,0.3135,0.870001,0.4155,0.699,0.0975,0.0975,0.2115,1.611001,0.24,0.3975,0.036,0.1305,2.247001,0.198,0.6075,1.105501,3.190502,0.3855,0.051,0.825001,0.093,0.174,1.528501,0.2085,0.2205,1.746001,0.2925,0.2445,1.548001,0.045,0.189,0.0975,0.3345,7.054504,0.2505,0.0855,1.230001,0.405,0.2625,46.897438,1168.22
2006-08-22T03:00:00.000000,0.1065,0.2325,0.072,0.336,0.0435,0.024,0.1035,0.672,0.2475,0.2925,0.008333,0.021,1.207501,0.0975,0.4365,0.279,0.967501,0.2955,0.008333,0.2745,0.008333,0.105,0.5925,0.0405,0.1725,0.5415,0.0375,0.0675,0.5235,0.008333,0.033,0.045,0.135,1.092001,0.1455,0.008333,0.5955,0.008333,0.063,43.664979,613.4
2006-08-22T06:00:00.000000,0.213,0.3735,0.1125,0.1845,0.0765,0.0585,0.1815,0.4905,0.4245,0.3855,0.0195,0.036,1.294501,0.1245,0.7635,0.402,1.317001,0.835501,0.008333,0.3765,0.008333,0.0405,0.877501,0.1035,0.2085,0.3075,0.0645,0.0795,1.428001,0.027,0.0825,0.081,0.1905,1.626001,0.234,0.008333,1.180501,0.0165,0.1005,19.86497,540.78
2006-08-23T06:00:00.000000,0.2625,0.747,0.2655,0.555,0.1365,0.117,0.435,1.263001,0.6825,0.678,0.03,0.008333,1.797001,0.327,1.480501,0.897001,2.296501,0.008333,0.0345,1.131001,0.042,0.2685,1.482001,0.1005,0.2385,1.288501,0.111,0.141,1.068001,0.0735,0.057,0.1155,0.426,3.691502,0.531,0.177,1.785001,0.093,0.008333,39.099948,974.86
2006-08-24T06:00:00.000000,0.4035,1.204501,0.3885,0.531,0.2055,0.1095,0.3825,1.102501,0.609,1.129501,0.072,0.1905,3.430502,0.2655,4.986003,2.751002,11.467507,0.5355,0.3255,0.7725,0.0435,0.2205,4.986003,0.0885,0.2805,0.967501,0.09,0.2415,3.369002,0.0525,0.0675,0.1065,0.3645,6.297004,0.835501,0.008333,1.519501,0.09,0.447,8.039894,1422.46
2006-08-25T03:00:00.000000,0.345,0.6975,0.216,0.36,0.123,0.0765,0.2505,0.891001,0.429,0.666,0.03,0.117,2.677502,0.306,1.158001,0.939001,2.329501,0.156,0.0285,0.988501,0.039,0.3015,1.431001,0.1125,0.3165,0.919501,0.102,0.144,1.230001,0.066,0.0945,0.099,0.3465,2.622002,0.774,0.135,1.906501,0.027,0.2235,30.772451,877.5
2006-08-25T06:00:00.000000,0.4035,0.7815,0.243,0.2955,0.141,0.09,0.288,0.6915,0.708,0.717,0.042,0.123,2.085001,0.318,1.536001,0.7755,2.257501,1.161001,0.024,1.039501,0.0285,0.3105,1.242001,0.1425,0.2265,0.801001,0.1095,0.12,1.048501,0.0705,0.0825,0.114,0.3765,2.335501,1.099501,0.144,2.004001,0.0465,0.225,30.372449,889.58
2006-08-26T03:00:00.000000,0.1005,0.183,0.1005,0.0795,0.0405,0.0345,0.051,0.135,0.1995,0.2625,0.008333,0.021,1.396501,0.072,1.027501,0.441,0.852001,0.0645,0.051,0.24,0.081,0.087,0.66,0.027,0.093,0.174,0.0585,0.066,0.705,0.027,0.111,0.0555,0.087,1.090501,0.264,0.153,0.378,0.008333,0.051,14.53248,370.18
2006-08-29T03:00:00.000000,0.1245,0.069,0.008333,0.075,0.033,0.008333,0.0285,0.174,0.102,0.21,0.008333,0.008333,1.564501,0.0555,0.2535,0.612,0.6285,0.0795,0.008333,0.183,0.008333,0.03,0.802501,0.008333,0.0615,0.2445,0.008333,0.008333,0.3855,0.008333,0.008333,0.008333,0.057,2.353501,0.0945,0.0675,0.294,0.008333,0.008333,8.422482,296.54
2006-08-30T06:00:00.000000,0.1815,0.3525,0.0855,0.543,0.1245,0.0735,0.2535,1.144501,0.2835,0.5925,0.192,0.408,4.278003,0.0915,0.57,2.536502,7.057504,0.378,0.008333,0.3285,0.008333,0.0705,4.984503,0.008333,0.2055,1.258501,0.0375,0.0735,2.478002,0.008333,0.008333,0.008333,0.099,6.373504,0.411,0.0795,0.744,0.144,0.7575,60.014922,1472.0
2006-08-31T06:00:00.000000,0.0825,0.156,0.072,0.1605,0.0375,0.008333,0.1065,0.1605,0.0975,0.411,0.008333,0.008333,0.862501,0.081,0.4335,0.789,0.7635,0.4875,0.008333,0.0945,0.008333,0.105,0.699,0.0255,0.069,0.1455,0.033,0.036,0.57,0.008333,0.129,0.008333,0.0525,0.7245,0.2055,0.111,0.678,0.008333,0.008333,109.417482,1098.96
2006-09-01T06:00:00.000000,0.3045,0.990001,0.2895,0.952501,0.3285,0.192,0.549,2.367001,0.5175,1.240501,0.141,0.1665,1.587001,0.267,2.743502,4.656003,4.738503,0.438,0.051,1.002001,0.0585,0.264,3.430502,0.1695,0.4125,3.909002,0.2085,0.3255,1.891501,0.0435,0.144,0.072,0.348,6.085504,3.315002,0.2325,1.624501,0.1845,0.3105,112.197403,2138.94
2006-09-02T03:00:00.000000,0.162,0.3615,0.0795,1.170001,0.0585,0.0645,0.126,2.886002,0.24,0.2385,0.008333,0.081,1.489501,0.0825,0.303,0.261,2.086501,0.3585,0.008333,0.2235,0.008333,0.0795,1.176001,0.084,0.183,2.275501,0.132,0.195,1.651501,0.008333,0.027,0.057,0.147,1.059001,0.111,0.008333,0.522,0.008333,0.1995,11.927462,580.1
2006-09-02T06:00:00.000000,0.1875,0.3465,0.087,0.816001,0.0615,0.0405,0.1275,1.846501,0.3315,0.282,0.4065,0.0495,1.893001,0.0915,0.399,0.3045,1.653001,0.6195,0.008333,0.1245,0.008333,0.081,0.979501,0.06,0.1665,1.426501,0.1065,0.132,1.581001,0.008333,0.008333,0.0555,0.15,1.291501,0.183,0.008333,0.5085,0.008333,0.2025,26.152465,651.78
2006-09-03T03:00:00.000000,0.114,0.1815,0.0555,0.681,0.048,0.008333,0.057,1.707001,0.195,0.168,0.008333,0.0345,1.408501,0.054,0.2355,0.204,0.627,0.2745,0.008333,0.1275,0.008333,0.0795,0.4635,0.008333,0.0855,1.311001,0.039,0.0675,0.393,0.008333,0.033,0.008333,0.0825,0.867001,0.072,0.008333,0.3,0.008333,0.036,26.632479,479.96
2006-09-03T06:00:00.000000,0.063,0.147,0.0465,0.315,0.008333,0.008333,0.072,0.4455,0.231,0.1815,0.008333,0.008333,1.180501,0.0525,0.222,0.2235,0.507,0.639,0.008333,0.111,0.008333,0.072,0.6495,0.008333,0.102,0.3435,0.008333,0.066,1.404001,0.008333,0.008333,0.008333,0.075,1.128001,0.0735,0.008333,0.342,0.008333,0.008333,16.872482,367.06
2006-09-04T03:00:00.000000,0.0435,0.093,0.0375,0.3195,0.021,0.0135,0.036,0.930001,0.1095,0.1005,0.0135,0.0225,0.7425,0.03,0.1485,0.126,0.4875,0.15,0.008333,0.0975,0.012,0.1365,0.351,0.024,0.069,0.7695,0.039,0.054,0.3,0.0135,0.0285,0.012,0.0405,0.645,0.0615,0.018,0.2325,0.008333,0.0405,33.197487,435.46
2006-09-04T06:00:00.000000,0.105,0.2235,0.063,0.4965,0.042,0.0285,0.1065,1.272001,0.1575,0.171,0.0195,0.045,0.925501,0.069,0.2205,0.2355,1.338001,0.315,0.015,0.204,0.024,0.1095,0.889501,0.057,0.108,1.131001,0.0825,0.084,0.5415,0.0225,0.033,0.0255,0.0825,1.084501,0.0825,0.0225,0.4425,0.015,0.0885,33.384977,559.84
2006-09-05T03:00:00.000000,0.1305,0.792,0.2955,1.195501,0.141,0.183,0.288,3.187502,0.201,0.396,1.128001,0.2865,1.576501,0.1245,1.183501,1.102501,3.397502,0.1785,0.008333,0.5265,0.0735,0.1575,3.051002,0.126,0.456,4.257003,0.276,0.3465,1.722001,0.039,0.153,0.0495,0.192,3.354002,0.898501,0.2595,0.820501,0.192,0.2385,33.567431,1147.92
2006-09-05T06:00:00.000000,0.126,0.5205,0.123,0.925501,0.0855,0.0675,0.1875,1.642501,0.252,0.285,0.0375,0.1965,1.065001,0.141,0.615,0.4125,4.593003,0.2805,0.008333,0.495,0.0345,0.1785,3.096002,0.093,0.2145,1.425001,0.1635,0.1605,1.537501,0.008333,0.0975,0.039,0.1575,2.163001,0.27,0.0825,0.921001,0.0495,0.3075,44.247452,968.46
2006-09-06T03:00:00.000000,0.1185,0.859501,0.3465,0.6075,0.0915,0.1065,0.1785,1.642501,0.4065,0.642,0.0375,0.027,2.049001,0.3555,2.109001,4.405503,1.161001,0.1395,0.021,1.120501,0.066,0.1605,1.489501,0.093,0.3075,2.418002,0.1215,0.2175,0.756,0.0315,0.0825,0.039,0.381,8.652005,3.735002,0.1215,1.087501,0.0465,0.0465,2.769924,989.56
2006-09-06T06:00:00.000000,0.249,0.5385,0.156,0.5685,0.0795,0.072,0.1785,1.335001,0.4245,0.39,0.0375,0.051,1.428001,0.1845,1.708501,1.255501,2.091001,0.4035,0.021,0.591,0.024,0.171,1.422001,0.147,0.207,2.133001,0.156,0.1605,0.789,0.036,0.1215,0.0525,0.2565,5.019003,0.892501,0.111,0.904501,0.036,0.096,63.312449,1159.78
2006-09-07T03:00:00.000000,0.1665,0.294,0.114,0.102,0.051,0.0345,0.174,0.231,0.2265,0.303,0.012,0.033,1.311001,0.102,0.414,0.648,0.943501,0.282,0.0135,0.3735,0.0435,0.18,0.868501,0.042,0.171,0.291,0.0465,0.102,0.6435,0.03,0.0495,0.171,0.1515,1.450501,0.204,0.0375,0.6435,0.015,0.0615,24.997477,494.14
2006-09-07T06:00:00.000000,0.2025,0.4245,0.1365,0.1425,0.0765,0.0555,0.1755,0.309,0.537,0.4665,0.024,0.0495,1.336501,0.1725,0.7485,0.51,1.303501,0.573,0.0165,0.573,0.111,0.2025,0.838501,0.0555,0.171,0.3315,0.066,0.1095,0.627,0.0465,0.0465,0.0795,0.204,1.872001,0.2985,0.0495,1.258501,0.015,0.087,18.68247,530.86
2006-09-08T03:00:00.000000,0.2715,0.549,0.2025,0.396,0.1095,0.0765,0.243,0.789,0.36,0.684,0.008333,0.0885,2.197501,0.2355,0.877501,0.859501,1.836001,0.1935,0.008333,0.837001,0.042,0.3105,1.282501,0.1125,0.2565,0.702,0.093,0.1395,1.066501,0.0555,0.144,0.066,0.3075,2.280001,0.5025,0.147,1.602001,0.008333,0.132,21.507458,706.72
2006-09-08T06:00:00.000000,0.4155,0.795,0.2835,0.3555,0.1695,0.0975,0.306,0.7005,0.759,1.036501,0.0615,0.1365,2.494502,0.315,1.636501,0.907501,2.545502,0.7275,0.008333,1.102501,0.261,0.327,1.555501,0.1665,0.291,0.693,0.165,0.138,1.279501,0.0915,0.273,0.159,0.429,2.664002,0.879001,0.1995,1.873501,0.042,0.2475,45.594945,1073.58
2006-09-09T06:00:00.000000,0.42,0.909001,0.3135,0.6105,0.1455,0.1095,0.3105,1.437001,0.7305,1.069501,0.033,0.1695,3.076502,0.342,1.855501,0.807001,2.502002,0.228,0.1665,1.129501,0.063,0.2505,1.330501,0.132,0.2625,1.209001,0.114,0.1365,1.027501,0.0705,0.096,0.144,0.4365,2.172001,0.921001,0.0915,1.872001,0.036,0.171,26.567444,929.9
2006-09-10T03:00:00.000000,0.351,0.3135,0.123,0.162,0.081,0.042,0.273,0.3375,0.276,0.4755,0.008333,0.008333,1.965001,0.156,0.591,0.7035,1.251001,0.1185,0.008333,0.5325,0.033,0.0795,0.955501,0.0645,0.1995,0.363,0.0615,0.1005,0.7875,0.0405,0.0615,0.0705,0.192,1.737001,0.288,0.0675,1.020001,0.0585,0.0795,27.567471,594.24
2006-09-10T06:00:00.000000,0.123,0.216,0.081,0.108,0.0585,0.008333,0.081,0.1995,0.2565,0.357,0.008333,0.008333,1.426501,0.1095,0.516,0.3735,0.783,0.309,0.008333,0.3585,0.008333,0.06,0.57,0.051,0.093,0.192,0.048,0.0495,0.474,0.0285,0.0375,0.0525,0.123,1.096501,0.207,0.042,0.6855,0.246,0.054,15.82998,379.18
2006-09-11T03:00:00.000000,0.189,0.3405,0.1245,0.2655,0.075,0.024,0.1695,0.486,0.3135,0.3105,0.008333,0.204,1.497001,0.141,0.832501,0.6735,1.305001,0.0615,0.008333,0.4935,0.0405,0.243,1.239001,0.0945,0.177,0.441,0.0795,0.1125,0.7755,0.036,0.114,0.0585,0.2025,1.696501,0.498,0.1365,0.940501,0.008333,0.1125,12.33247,485.48
2006-09-11T06:00:00.000000,0.2925,0.5055,0.177,0.3015,0.102,0.057,0.2055,0.654,0.5505,0.51,0.008333,0.15,1.902001,0.186,1.374001,0.829501,1.645501,0.33,0.008333,0.6765,0.0375,0.2865,1.465501,0.1125,0.225,0.6915,0.0915,0.123,0.943501,0.0435,0.1455,0.0765,0.2475,3.589502,0.6705,0.1635,1.141501,0.008333,0.1545,32.887457,814.04
2006-09-12T03:00:00.000000,0.174,0.351,0.3855,0.078,0.0705,0.042,0.1665,0.1875,0.273,0.6195,0.0255,0.036,2.659502,0.273,2.451002,0.666,1.654501,0.1515,0.213,0.411,0.0405,0.1545,0.978001,0.051,0.117,0.2355,0.066,0.1185,0.6405,0.0555,0.0765,0.099,0.1635,1.650001,1.077001,0.2445,2.346001,0.0345,0.1065,24.19496,704.04
2006-09-13T03:00:00.000000,0.105,0.3615,0.2055,0.291,0.066,0.03,0.111,0.696,0.234,0.3345,0.045,0.045,2.622002,0.0585,1.509001,1.057501,2.029501,0.0855,0.0645,0.138,0.008333,0.045,2.131501,0.033,0.105,0.708,0.027,0.081,0.771,0.008333,0.0315,0.008333,0.099,3.784502,0.501,0.008333,0.4425,0.0375,0.1005,1.86996,521.36
2006-09-14T06:00:00.000000,0.105,0.24,0.108,0.117,0.0525,0.0345,0.132,0.1785,0.2175,0.294,0.008333,0.081,1.393501,0.0975,0.5415,0.351,0.832501,0.384,0.008333,0.3225,0.0195,0.1005,1.015501,0.054,0.123,0.252,0.0495,0.087,0.627,0.008333,0.126,0.0435,0.1365,1.909501,0.228,0.087,0.5325,0.008333,0.0465,20.129977,452.32
2006-09-15T03:00:00.000000,0.138,0.183,0.069,0.054,0.042,0.03,0.0375,0.1275,0.21,0.267,0.008333,0.008333,1.254001,0.0915,0.3,0.363,0.5865,0.171,0.008333,0.303,0.008333,0.066,0.492,0.03,0.0795,0.153,0.03,0.0435,0.399,0.008333,0.008333,0.0345,0.105,1.108501,0.132,0.021,0.5205,0.008333,0.039,12.897484,302.8
2006-09-15T06:00:00.000000,0.1995,0.333,0.12,0.114,0.0675,0.039,0.2385,0.2955,0.3705,0.3945,0.008333,0.045,1.354501,0.153,0.555,0.408,0.948001,0.351,0.008333,0.4965,0.008333,0.1185,0.6645,0.042,0.135,0.3195,0.045,0.0615,0.57,0.0405,0.0405,0.0495,0.1725,1.530001,0.246,0.057,0.900001,0.008333,0.0855,13.839976,419.08
2006-09-16T03:00:00.000000,0.255,0.4035,0.1395,0.1785,0.0885,0.0615,0.201,0.4425,0.351,0.405,0.008333,0.099,2.860502,0.1365,0.7035,0.783,1.428001,0.008333,0.008333,0.435,0.008333,0.129,1.197001,0.09,0.201,0.489,0.078,0.096,1.420501,0.03,0.0705,0.063,0.2025,2.226001,0.342,0.045,1.089001,0.008333,0.09,12.472465,548.68
2006-09-17T03:00:00.000000,0.135,0.1965,0.108,0.159,0.042,0.0255,0.1635,0.228,0.249,0.402,0.0885,0.144,6.552004,0.42,1.546501,1.039501,1.089001,0.0555,0.0225,0.3075,0.0165,0.0915,1.146001,0.096,0.1185,0.4905,0.0735,0.0915,0.6435,0.03,0.09,0.024,0.1335,2.269501,1.206001,0.5565,0.687,0.078,0.213,13.269956,666.92
2006-09-17T06:00:00.000000,0.1485,0.267,0.084,0.048,0.0465,0.045,0.129,0.333,0.2865,0.6975,0.008333,0.0675,4.528503,0.1785,3.064502,0.777,1.050001,0.6915,0.008333,0.474,0.027,0.165,1.270501,0.096,0.1305,0.805501,0.078,0.0705,0.69,0.03,0.156,0.051,0.147,1.896001,1.426501,0.1695,0.768,0.054,0.153,11.702456,656.34
2006-09-18T03:00:00.000000,0.108,0.1725,0.06,0.09,0.0525,0.045,0.129,0.192,0.2055,0.369,0.008333,0.03,2.506502,0.1245,0.6015,0.970501,1.051501,0.1485,0.2715,0.255,0.008333,0.0795,1.233001,0.008333,0.1305,0.2775,0.0525,0.075,0.654,0.008333,0.0435,0.008333,0.105,2.323501,0.168,0.111,0.708,0.008333,0.078,7.067472,414.58
2006-09-18T06:00:00.000000,0.1455,0.2565,0.1305,0.1035,0.051,0.048,0.1365,0.201,0.2835,0.4845,0.008333,0.045,1.965001,0.111,0.891001,0.868501,1.147501,0.393,0.081,0.339,0.008333,0.111,1.011001,0.072,0.1155,0.24,0.057,0.072,0.5625,0.008333,0.0435,0.008333,0.12,1.948501,0.285,0.096,0.72,0.008333,0.1095,18.229972,499.14
2006-09-19T03:00:00.000000,0.153,0.339,0.1635,0.858001,0.087,0.0975,0.2115,2.239501,0.174,0.3135,0.036,0.03,1.368001,0.072,1.461001,1.713001,1.353001,0.1215,0.008333,0.2385,0.0315,0.066,1.681501,0.0765,0.213,2.487002,0.096,0.1425,0.885001,0.008333,0.0585,0.039,0.1005,4.014003,0.63,0.1425,1.147501,0.048,0.06,43.537452,960.3
2006-09-19T06:00:00.000000,0.144,0.4035,0.1785,0.726,0.1485,0.096,0.4065,1.545001,0.285,0.3465,0.042,0.072,1.291501,0.168,1.342501,1.932001,1.819501,0.054,0.008333,0.459,0.008333,0.0945,2.395502,0.084,0.3315,1.692001,0.129,0.195,1.432501,0.008333,0.042,0.03,0.237,5.353503,0.804001,0.105,0.916501,0.072,0.1425,39.897447,999.68
2006-09-20T03:00:00.000000,0.2175,0.2805,0.105,0.2085,0.0585,0.033,0.189,0.4365,0.2205,0.228,0.024,0.0525,1.183501,0.0945,0.3285,0.3135,1.476001,0.111,0.008333,0.312,0.008333,0.072,1.686001,0.03,0.1035,0.4185,0.042,0.072,0.6465,0.008333,0.0285,0.0345,0.111,1.006501,0.126,0.039,0.669,0.008333,0.102,35.357477,577.86
2006-09-20T06:00:00.000000,0.219,0.252,0.0975,0.1095,0.054,0.036,0.159,0.24,0.3765,0.267,0.008333,0.039,1.020001,0.1065,0.54,0.282,0.7455,0.2355,0.008333,0.3705,0.008333,0.108,0.5595,0.0825,0.1035,0.2565,0.0645,0.057,0.4245,0.008333,0.0435,0.054,0.1275,1.690501,0.219,0.0255,0.597,0.008333,0.057,22.67998,438.06
2006-09-21T03:00:00.000000,0.3255,0.723,0.222,0.423,0.138,0.084,0.3735,0.892501,0.48,0.723,0.0465,0.1395,2.494502,0.285,0.789,1.179001,3.079502,0.219,0.008333,0.844501,0.008333,0.2985,2.620502,0.0855,0.243,0.849001,0.0825,0.132,1.359001,0.0585,0.0945,0.114,0.3075,2.781002,0.345,0.186,1.818001,0.03,0.2685,13.704948,779.92
2006-09-21T06:00:00.000000,0.3495,0.765,0.27,0.2715,0.132,0.0855,0.318,0.5685,0.693,0.783,0.045,0.114,1.888501,0.2805,1.294501,1.026001,2.319001,0.384,0.008333,0.909001,0.2115,0.2715,1.765501,0.105,0.213,0.549,0.099,0.1185,1.006501,0.0645,0.0525,0.1275,0.3435,2.121001,0.6675,0.1275,1.810501,0.039,0.222,24.594953,794.42
2006-09-22T06:00:00.000000,0.096,0.2025,0.0825,0.0735,0.033,0.008333,0.078,0.108,0.2265,0.2265,0.008333,0.0345,0.747,0.081,0.549,0.216,0.5115,0.3255,0.033,0.186,0.008333,0.008333,0.4035,0.008333,0.057,0.1095,0.008333,0.033,0.1065,0.008333,0.008333,0.042,0.096,0.555,0.1185,0.008333,0.3675,0.008333,0.042,10.639988,238.4
2006-09-24T06:00:00.000000,0.0435,0.336,0.093,0.6915,0.09,0.0255,0.1455,1.791001,0.0615,0.4875,0.0585,0.243,3.424502,0.069,3.741002,2.305501,4.864503,0.243,0.008333,0.1575,0.015,0.0435,4.414503,0.0615,0.1125,2.208001,0.0525,0.1305,2.029501,0.008333,0.072,0.0135,0.0705,5.886004,0.678,0.156,0.453,0.054,0.432,23.797425,1143.86
2006-09-25T06:00:00.000000,0.0825,0.264,0.0705,0.468,0.06,0.045,0.1695,0.949501,0.204,0.1725,0.042,0.0855,0.823501,0.0765,0.3255,0.2835,2.089501,0.1065,0.008333,0.2115,0.008333,0.1005,2.278501,0.0375,0.111,0.817501,0.075,0.084,0.7545,0.008333,0.008333,0.008333,0.0885,1.228501,0.159,0.0825,0.408,0.0345,0.162,23.867473,536.4
2006-09-26T03:00:00.000000,0.102,0.2085,0.069,0.0615,0.008333,0.008333,0.159,0.138,0.204,0.177,0.008333,0.03,0.861001,0.06,0.2715,0.1755,0.474,0.0555,0.008333,0.222,0.008333,0.141,0.411,0.008333,0.075,0.168,0.008333,0.06,0.3255,0.008333,0.008333,0.008333,0.0795,0.7125,0.12,0.06,0.393,0.008333,0.045,12.819988,259.02
2006-09-26T06:00:00.000000,0.171,0.414,0.129,0.1485,0.0705,0.045,0.1485,0.3135,0.522,0.306,0.008333,0.0585,0.981001,0.1305,0.6885,0.3225,0.973501,0.2265,0.008333,0.441,0.008333,0.189,0.942001,0.008333,0.1065,0.2775,0.039,0.0735,0.4485,0.008333,0.008333,0.0615,0.156,1.506001,0.312,0.051,0.789,0.008333,0.102,19.832477,455.96
2006-09-28T03:00:00.000000,0.39,0.6165,0.219,0.939001,0.1245,0.1005,0.264,2.289001,0.4635,0.5925,0.051,0.144,2.673002,0.219,1.203001,0.852001,2.428502,0.0975,0.051,0.918001,0.039,0.3255,2.887502,0.198,0.216,1.914001,0.171,0.2145,1.192501,0.0705,0.1965,0.0825,0.315,2.959502,0.522,0.132,1.419001,0.051,0.2745,4.067442,774.3
