city,date,y,fitted,residual
Baltimore,2000-12-14,2.674149,2.721851274688261,-0.04770227468826105
Baltimore,2000-12-20,2.884801,2.80146755828141,0.08333344171858993
Baltimore,2000-12-26,2.406945,2.3358543143813724,0.07109068561862773
Baltimore,2001-01-01,2.028148,2.3647682977336015,-0.3366202977336018
Baltimore,2001-01-07,3.586293,2.721554412134872,0.8647385878651282
Baltimore,2001-01-13,3.837299,3.719265076478171,0.11803392352182865
Baltimore,2001-01-19,2.674149,2.8706255851099756,-0.19647658510997562
Baltimore,2001-01-25,4.169761,2.638391622379629,1.5313693776203714
Baltimore,2001-01-31,2.80336,2.8904116935218114,-0.08705169352181132
Baltimore,2001-02-03,2.970414,2.7414109423536335,0.2290030576463666
Baltimore,2001-02-06,2.867899,2.9623889849338867,-0.09448998493388666
Baltimore,2001-02-09,3.277145,3.43366989786449,-0.15652489786449006
Baltimore,2001-02-13,3.33577,2.720960687028029,0.614809312971971
Baltimore,2001-02-15,2.694627,2.73854576434382,-0.043918764343819944
Baltimore,2001-02-18,2.424803,2.451032799103413,-0.026229799103413217
Baltimore,2001-02-21,2.674149,2.529897847388093,0.1442511526119067
Baltimore,2001-02-24,2.895912,2.8025015763528964,0.09341042364710365
Baltimore,2001-02-27,3.005683,3.117514694655243,-0.11183169465524308
Baltimore,2001-03-02,2.501436,2.5777099461289175,-0.07627394612891755
Baltimore,2001-03-06,1.856298,2.0597973380746084,-0.20349933807460838
Baltimore,2001-03-08,2.884801,3.0930471585779715,-0.20824615857797146
Baltimore,2001-03-11,3.025291,3.037303353118847,-0.012012353118846837
Baltimore,2001-03-14,2.251292,2.3995890995179017,-0.14829709951790168
Baltimore,2001-03-17,3.049273,3.1616041411803923,-0.11233114118039225
Baltimore,2001-03-20,2.066863,2.1441287151205977,-0.07726571512059743
Baltimore,2001-03-23,2.292535,2.719995883729409,-0.42746088372940905
Baltimore,2001-03-26,2.302585,2.4285418340934046,-0.12595683409340433
Baltimore,2001-03-29,2.895912,2.8776650800196863,0.018246919980313536
Baltimore,2001-04-01,3.005683,2.891510876721264,0.11417212327873585
Baltimore,2001-04-04,2.370244,2.4832788069073906,-0.11303480690739064
Baltimore,2001-04-07,3.194583,3.217741267097888,-0.023158267097887708
Baltimore,2001-04-10,2.541602,2.5658504689611195,-0.024248468961119173
Baltimore,2001-04-13,2.681022,2.7645987038089914,-0.08357670380899158
Baltimore,2001-04-16,2.415914,2.7194021586225654,-0.3034881586225656
Baltimore,2001-04-19,2.292535,2.621647932200623,-0.3291129322006231
Baltimore,2001-04-22,3.157,3.0893183325740385,0.06768166742596168
Baltimore,2001-04-25,2.151762,2.257222157353038,-0.10546015735303801
Baltimore,2001-04-28,2.230014,2.4160562968352592,-0.186042296835259
Baltimore,2001-05-01,3.049273,3.1360345796057296,-0.0867615796057296
Baltimore,2001-05-07,1.871802,2.7189568647924327,-0.847154864792433
Baltimore,2001-05-10,3.100092,3.2383279037358013,-0.1382359037358012
Baltimore,2001-05-13,2.079442,2.251933000918575,-0.1724910009185755
Baltimore,2001-05-16,1.987874,2.1332774197460433,-0.1454034197460435
Baltimore,2001-05-19,3.242592,3.2799854339154098,-0.037393433915409745
Baltimore,2001-05-22,2.406945,2.5663484290903193,-0.15940342909031968
Baltimore,2001-05-25,2.70805,2.6943136470687197,0.013736352931280461
Baltimore,2001-05-31,1.84055,1.9832880211727155,-0.14273802117271556
Baltimore,2001-06-03,2.388763,2.4302419905069996,-0.041478990506999776
Baltimore,2001-06-06,2.674149,3.223866595566586,-0.5497175955665862
Baltimore,2001-06-09,2.74084,2.7081993581003694,0.03264064189963054
Baltimore,2001-06-12,3.718438,3.720140839408959,-0.0017028394089589672
Baltimore,2001-06-18,3.020425,2.987993271243679,0.03243172875632107
Baltimore,2001-06-21,2.674149,3.3550098509786634,-0.6808608509786638
Baltimore,2001-06-24,2.24071,2.279166705865843,-0.038456705865843106
Baltimore,2001-06-27,3.569533,3.5292617097392163,0.04027129026078356
Baltimore,2001-06-30,3.608212,3.5938557418275097,0.014356258172490166
Baltimore,2001-07-03,2.785011,2.7686626206476257,0.01634837935237423
Baltimore,2001-07-06,1.88707,1.945541093265229,-0.05847109326522896
Baltimore,2001-07-12,2.572612,2.657900192893303,-0.085288192893303
Baltimore,2001-07-15,2.653242,2.4605471136458332,0.1926948863541667
Baltimore,2001-07-18,3.456317,3.4629328673021025,-0.006615867302102622
Baltimore,2001-07-21,2.639057,2.5794731383663967,0.05958386163360335
Baltimore,2001-07-24,2.595255,2.6162279679172444,-0.02097296791724441
Baltimore,2001-07-30,2.028148,2.1807155821802238,-0.15256758218022407
Baltimore,2001-08-02,2.617396,2.6553989409521925,-0.038002940952192484
Baltimore,2001-08-04,2.985682,3.333964333192565,-0.3482823331925649
Baltimore,2001-08-08,3.811097,3.7452147156477316,0.06588228435226859
Baltimore,2001-08-11,2.734368,2.8208583482408414,-0.08649034824084142
Baltimore,2001-08-14,3.144152,3.168395601648054,-0.02424360164805391
Baltimore,2001-08-17,3.339322,2.781034201754938,0.5582877982450621
Baltimore,2001-08-23,3.280911,3.3303314871517844,-0.04942048715178417
Baltimore,2001-08-26,2.674149,2.3340326423762003,0.3401163576237995
Baltimore,2001-08-29,3.091042,3.078323763618802,0.012718236381197937
Baltimore,2001-09-01,2.272126,2.3264134692477443,-0.05428746924774435
Baltimore,2001-09-04,3.152736,2.716359317449993,0.43637668255000706
Baltimore,2001-09-10,2.251292,2.376200631576551,-0.1249086315765509
Baltimore,2001-09-13,3.00072,3.0927455139054523,-0.09202551390545245
Baltimore,2001-09-16,2.104134,2.028131343664032,0.0760026563359683
Baltimore,2001-09-19,2.917771,2.9680669466073453,-0.05029594660734497
Baltimore,2001-09-22,3.091042,3.0611876845728188,0.029854315427180905
Baltimore,2001-09-25,1.648659,1.997947089897226,-0.34928808989722604
Baltimore,2001-09-28,2.014903,2.139481375971503,-0.12457837597150309
Baltimore,2001-10-04,3.325036,3.207780923532643,0.11725507646735714
Baltimore,2001-10-07,1.791759,1.9993417338416088,-0.20758273384160866
Baltimore,2001-10-10,2.322388,2.21554106038228,0.10684693961771986
Baltimore,2001-10-13,2.944439,2.3139136268638816,0.6305253731361183
Baltimore,2001-10-16,2.674149,2.7154687297897278,-0.04131972978972782
Baltimore,2001-10-20,2.99072,2.8500258850836278,0.14069411491637235
Baltimore,2001-10-25,2.351375,2.1349970901402817,0.21637790985971828
Baltimore,2001-10-28,2.014903,2.0522231730836973,-0.037320173083697616
Baltimore,2001-10-31,2.282382,2.3042700667559153,-0.02188806675591517
Baltimore,2001-11-03,2.322388,2.2310461738796357,0.09134182612036426
Baltimore,2001-11-06,1.931521,1.9880068897640049,-0.05648588976400481
Baltimore,2001-11-09,2.186051,2.1951772103026745,-0.009126210302674487
Baltimore,2001-11-15,3.602777,3.767035623730077,-0.16425862373007685
Baltimore,2001-11-18,3.034953,2.7067459468630366,0.3282070531369631
Baltimore,2001-11-21,2.186051,2.1956240122271424,-0.009573012227142264
Baltimore,2001-11-24,2.493205,2.714652357767818,-0.2214473577678179
Baltimore,2001-11-27,3.144152,3.0386814263078863,0.10547057369211378
Baltimore,2001-12-03,3.198673,3.2444056040018876,-0.045732604001887514
Baltimore,2001-12-06,3.126761,3.114439268994591,0.012321731005409106
Baltimore,2001-12-09,2.197225,2.1978024322202603,-5.774322202603713e-4
Baltimore,2001-12-12,2.928524,2.839419764989971,0.08910423501002926
Baltimore,2001-12-15,1.722767,1.6595455382513047,0.06322146174869515
Baltimore,2001-12-27,2.639057,2.5866217175728123,0.05243528242718789
Baltimore,2001-12-30,2.116256,2.2151636590244776,-0.0989076590244776
Baltimore,2002-01-02,2.827314,2.776260695685776,0.05105330431422411
Baltimore,2002-01-05,3.152736,2.8600042188111963,0.29273178118880383
Baltimore,2002-01-08,3.478158,2.7138359857459085,0.7643220142540917
Baltimore,2002-01-09,3.100092,3.018373051278917,0.08171894872108301
Baltimore,2002-01-11,2.734368,2.7203090336578186,0.014058966342181302
Baltimore,2002-01-12,2.587764,2.637616750371355,-0.049852750371354705
Baltimore,2002-01-13,2.104134,2.277961906896481,-0.1738279068964809
Baltimore,2002-01-14,2.564949,2.684440756946237,-0.11949175694623738
Baltimore,2002-01-15,2.587764,2.657988566918358,-0.07022456691835828
Baltimore,2002-01-16,2.493205,2.5935078886467577,-0.1003028886467577
Baltimore,2002-01-17,2.595255,2.6804936698966455,-0.08523866989664577
Baltimore,2002-01-20,3.131137,2.924975568028971,0.20616143197102885
Baltimore,2002-01-23,2.484907,2.5761789411321923,-0.09127194113219202
Baltimore,2002-01-26,2.66026,2.730285821791399,-0.07002582179139893
Baltimore,2002-01-29,3.218876,3.1986545637580206,0.02022143624197906
Baltimore,2002-02-01,1.808289,2.0295360571188117,-0.22124705711881176
Baltimore,2002-02-02,1.974081,2.048986295182829,-0.07490529518282889
Baltimore,2002-02-03,3.00072,2.866956710267564,0.13376328973243584
Baltimore,2002-02-04,2.397895,2.4826088077515456,-0.08471380775154536
Baltimore,2002-02-05,1.704748,1.9476079038831253,-0.24285990388312548
Baltimore,2002-02-06,2.60269,2.5168385550283516,0.08585144497164814
Baltimore,2002-02-07,2.965273,2.8515469197754877,0.113726080224512
Baltimore,2002-02-08,3.404525,3.3507165021051297,0.05380849789487045
Baltimore,2002-02-09,3.113515,2.928036067428637,0.18547893257136325
Baltimore,2002-02-10,2.484907,2.3921443101435984,0.09276268985640164
Baltimore,2002-02-11,2.00148,2.187854802348604,-0.18637480234860423
Baltimore,2002-02-12,2.687847,2.712054810425378,-0.024207810425378045
Baltimore,2002-02-13,1.902108,2.249905532242496,-0.34779753224249615
Baltimore,2002-02-14,2.406945,1.4133825733391001,0.9935624266608997
Baltimore,2002-02-15,2.525729,2.620618284649797,-0.09488928464979696
Baltimore,2002-02-16,2.890372,2.9459322464468913,-0.05556024644689132
Baltimore,2002-02-17,1.757858,2.0892064562761945,-0.3313484562761945
Baltimore,2002-02-18,2.186051,2.2550529460736586,-0.06900194607365884
Baltimore,2002-02-19,3.025291,3.0382446560758134,-0.012953656075813181
Baltimore,2002-02-20,2.714695,2.6113266748997894,0.10336832510021053
Baltimore,2002-02-21,2.406945,2.599936392457558,-0.19299139245755823
Baltimore,2002-02-22,2.208274,2.3415277039289246,-0.13325370392892458
Baltimore,2002-02-23,2.653242,2.785530600081674,-0.13228860008167403
Baltimore,2002-02-24,2.674149,2.587996227992451,0.08615277200754891
Baltimore,2002-02-25,3.025291,3.025269804953706,2.1195046293985033e-5
Baltimore,2002-02-26,2.873565,2.8902843929259077,-0.016719392925907312
Baltimore,2002-02-27,2.674149,2.289155134214766,0.3849938657852337
Baltimore,2002-02-28,2.379546,2.5428208396658736,-0.16327483966587364
Baltimore,2002-03-01,2.734368,2.659345947248603,0.07502205275139655
Baltimore,2002-03-02,2.785011,2.696722148755938,0.08828885124406191
Baltimore,2002-03-03,1.974081,2.184167197180467,-0.210086197180467
Baltimore,2002-03-15,3.113515,3.182780767668746,-0.06926576766874622
Baltimore,2002-03-21,2.493205,2.6278987522720088,-0.13469375227200844
Baltimore,2002-03-24,2.564949,2.5828230324522132,-0.017874032452213362
Baltimore,2002-03-27,2.360854,2.410991624087039,-0.050137624087039236
Baltimore,2002-03-30,2.631889,2.7361975590990317,-0.10430855909903168
Baltimore,2002-04-02,2.631889,2.752181041137107,-0.1202920411371066
Baltimore,2002-04-08,2.681022,2.781147297461254,-0.10012529746125427
Baltimore,2002-04-11,2.24071,2.432948018475471,-0.19223801847547115
Baltimore,2002-04-14,2.197225,2.3058504401928137,-0.10862544019281362
Baltimore,2002-04-17,2.674149,3.6095127147707866,-0.9353637147707868
Baltimore,2002-04-23,2.674149,2.1790909173401967,0.4950580826598032
Baltimore,2002-04-26,2.322388,2.490476002561015,-0.16808800256101483
Baltimore,2002-05-02,2.867899,2.9209899534013157,-0.053090953401315914
Baltimore,2002-05-08,2.272126,2.455816987219782,-0.18369098721978178
Baltimore,2002-05-11,2.370244,2.474160675820665,-0.10391667582066506
Baltimore,2002-05-20,2.091864,2.2807199309710082,-0.18885593097100825
Baltimore,2002-05-23,2.694627,2.8240815269094366,-0.12945452690943646
Baltimore,2002-05-26,3.135494,3.137090072270374,-0.0015960722703737703
Baltimore,2002-06-01,2.791165,2.7301461000594562,0.06101889994054353
Baltimore,2002-06-04,2.674149,2.4076332434955012,0.26651575650449866
Baltimore,2002-06-07,1.722767,1.9320689399758597,-0.20930193997585983
Baltimore,2002-06-13,2.753661,2.757224995588839,-0.003563995588838551
Baltimore,2002-06-16,2.694627,2.6706444599897052,0.02398254001029485
Baltimore,2002-06-19,3.091042,3.1524625111383346,-0.061420511138334966
Baltimore,2002-06-22,2.839078,2.815384226599384,0.023693773400615962
Baltimore,2002-07-01,3.139833,2.955491130307443,0.18434186969255714
Baltimore,2002-07-02,3.921973,3.9459242998614714,-0.023951299861471678
Baltimore,2002-07-03,3.871201,3.937790086164053,-0.0665890861640527
Baltimore,2002-07-04,3.449988,3.562558718400514,-0.11257071840051423
Baltimore,2002-07-05,2.76001,2.6740870333380053,0.08592296666199432
Baltimore,2002-07-06,3.214868,2.6724421366112017,0.5424258633887984
Baltimore,2002-07-07,4.347694,3.4131586464445025,0.9345353535554973
Baltimore,2002-07-08,4.060443,3.644995359945737,0.41544764005426343
Baltimore,2002-07-09,3.725693,3.6390628405211034,0.0866301594788969
Baltimore,2002-07-10,3.095578,3.010076271091448,0.08550172890855189
Baltimore,2002-07-11,1.609438,1.9152581428121778,-0.3058201428121779
Baltimore,2002-07-12,2.493205,2.59844154999788,-0.10523654999787967
Baltimore,2002-07-13,2.322388,2.457394231933745,-0.13500623193374467
Baltimore,2002-07-14,2.04122,2.203003287303352,-0.1617832873033522
Baltimore,2002-07-15,3.005683,3.053921669526859,-0.04823866952685915
Baltimore,2002-07-16,3.131137,3.038650022309483,0.09248697769051721
Baltimore,2002-07-17,2.933857,2.8338880838886027,0.0999689161113976
Baltimore,2002-07-18,3.885679,3.7952912851205864,0.09038771487941366
Baltimore,2002-07-19,3.852273,3.9018284305661255,-0.04955543056612583
Baltimore,2002-07-20,3.346389,3.2260801178362866,0.12030888216371308
Baltimore,2002-07-21,3.261935,3.128295993196378,0.13363900680362167
Baltimore,2002-07-22,3.325036,3.295530828916513,0.029505171083486634
Baltimore,2002-07-23,2.879198,2.854632039416665,0.02456596058333518
Baltimore,2002-07-24,2.60269,2.5976020335578944,0.005087966442105711
Baltimore,2002-07-25,1.88707,1.9239720118828834,-0.03690201188288342
Baltimore,2002-07-26,1.808289,1.8883350400639929,-0.0800460400639928
Baltimore,2002-07-27,3.00072,2.922807163954432,0.07791283604556809
Baltimore,2002-07-28,3.077312,2.879593442993618,0.19771855700638183
Baltimore,2002-07-29,3.169686,3.1273176881357188,0.04236831186428127
Baltimore,2002-07-30,2.895912,2.9391139213973916,-0.043201921397391596
Baltimore,2002-07-31,2.970414,2.937982975291756,0.03243102470824375
Baltimore,2002-08-18,2.97553,3.002949018166451,-0.027419018166451
Baltimore,2002-08-21,2.747271,2.631694705661277,0.11557629433872288
Baltimore,2002-08-24,2.985682,2.8969208013317065,0.08876119866829386
Baltimore,2002-08-27,3.030134,2.9415524311729304,0.08858156882706932
Baltimore,2002-09-02,2.322388,2.3052051503598703,0.017182849640129623
Baltimore,2002-09-05,2.424803,2.377921120946233,0.046881879053766444
Baltimore,2002-09-08,2.451005,2.4843284240163706,-0.03332342401637069
Baltimore,2002-09-11,2.572612,2.598573421086063,-0.02596142108606286
Baltimore,2002-09-14,2.923162,2.8628785179562555,0.06028348204374438
Baltimore,2002-09-17,3.273364,3.2754749193135466,-0.0021109193135468714
Baltimore,2002-09-20,2.476538,2.4923330727625985,-0.015795072762598235
Baltimore,2002-09-26,2.014903,2.083510091593322,-0.0686070915933217
Baltimore,2002-09-29,2.70805,2.7070758511135393,9.741488864609188e-4
Baltimore,2002-10-02,3.484312,3.536059933061627,-0.05174793306162706
Baltimore,2002-10-05,2.833213,2.769582219405219,0.06363078059478093
Baltimore,2002-10-08,2.00148,2.06100885406483,-0.059528854064830106
Baltimore,2002-10-14,1.824549,2.0224950139693383,-0.19794601396933847
Baltimore,2002-10-17,2.442347,2.5359947729121686,-0.09364777291216872
Baltimore,2002-10-20,2.370244,2.3479788989119004,0.02226510108809958
Baltimore,2002-10-23,2.873565,2.9496764670737234,-0.07611146707372315
Baltimore,2002-10-26,2.128232,2.200204991707946,-0.0719729917079458
Baltimore,2002-10-29,2.151762,2.191466309178621,-0.039704309178620716
Baltimore,2002-11-01,2.639057,2.7151873359537437,-0.07613033595374359
Baltimore,2002-11-07,2.163323,2.3341827684158876,-0.17085976841588765
Baltimore,2002-11-10,2.459589,2.550232360184593,-0.09064336018459328
Baltimore,2002-11-13,2.624669,2.6164925010806255,0.008176498919374511
Baltimore,2002-11-16,2.557227,2.7166407088828746,-0.15941370888287443
Baltimore,2002-11-19,2.985682,2.8936681984796206,0.09201380152037941
Baltimore,2002-11-22,2.674149,2.751144748569446,-0.07699574856944624
Baltimore,2002-11-28,2.104134,2.2326474214665137,-0.12851342146651362
Baltimore,2002-12-01,1.686399,2.7041879527597033,-1.017788952759703
Baltimore,2002-12-04,2.4681,2.3486946816975074,0.11940531830249282
Baltimore,2002-12-07,3.608212,3.9046843510140032,-0.2964723510140033
Baltimore,2002-12-10,3.499533,3.209605055628996,0.2899279443710043
Baltimore,2002-12-13,2.99072,2.91687635299714,0.07384364700286004
Baltimore,2002-12-19,2.821379,2.638164302473373,0.1832146975266268
Baltimore,2002-12-22,2.272126,2.70374265892957,-0.4316166589295701
Baltimore,2002-12-25,1.871802,1.9816090800487092,-0.10980708004870922
Baltimore,2002-12-28,3.139833,3.108167005610244,0.03166599438975579
Baltimore,2002-12-31,3.514526,3.908684497603201,-0.39415849760320093
Baltimore,2003-01-03,1.704748,2.0276071826745086,-0.3228591826745088
Baltimore,2003-01-09,2.564949,2.5659428071451544,-9.938071451546372e-4
Baltimore,2003-01-12,2.332144,2.347413922025553,-0.015269922025553006
Baltimore,2003-01-15,2.694627,2.5865894409404357,0.10803755905956416
Baltimore,2003-01-18,2.332144,2.3396975107607063,-0.007553510760706348
Baltimore,2003-01-27,2.674149,2.0578334737655988,0.616315526234401
Baltimore,2003-01-30,3.566712,3.430268143024056,0.13644385697594374
Baltimore,2003-02-02,2.791165,2.8730291846505924,-0.08186418465059252
Baltimore,2003-02-05,2.186051,2.2701282263137164,-0.0840772263137163
Baltimore,2003-02-08,3.030134,2.7027778556309494,0.3273561443690503
Baltimore,2003-02-11,2.646175,2.702703639992594,-0.05652863999259427
Baltimore,2003-02-14,3.157,2.948663146453335,0.20833685354666492
Baltimore,2003-02-20,3.520461,3.605607630419257,-0.08514663041925666
Baltimore,2003-02-23,2.079442,2.1836341414126434,-0.10419214141264352
Baltimore,2003-02-26,2.451005,2.4651416194301103,-0.014136619430110678
Baltimore,2003-03-01,3.077312,3.0609815535344316,0.01633044646556829
Baltimore,2003-03-04,2.451005,2.562973101967036,-0.1119681019670361
Baltimore,2003-03-10,2.533697,2.702184130524106,-0.16848713052410605
Baltimore,2003-03-13,3.535145,2.702109914885751,0.8330350851142493
Baltimore,2003-03-16,2.230014,2.2921450068087594,-0.06213100680875927
Baltimore,2003-03-19,2.694627,2.707604503423601,-0.012977503423600895
Baltimore,2003-03-22,2.631889,2.8687274148503166,-0.23683841485031623
Baltimore,2003-03-25,2.674149,3.028833441975218,-0.3546844419752178
Baltimore,2003-03-28,2.60269,2.564287223282163,0.03840277671783687
Baltimore,2003-04-03,3.303217,3.4073400727844914,-0.10412307278449147
Baltimore,2003-04-06,2.140066,2.2502059575116222,-0.11013995751162241
Baltimore,2003-04-09,2.351375,2.3618865548812655,-0.010511554881265543
Baltimore,2003-04-12,1.960095,2.084806285579635,-0.12471128557963497
Baltimore,2003-04-15,2.791165,2.9294163157042172,-0.13825131570421756
Baltimore,2003-04-21,1.987874,2.085565300939539,-0.09769130093953902
Baltimore,2003-04-24,2.014903,2.134735118310268,-0.11983211831026791
Baltimore,2003-04-27,2.424803,2.579712171012182,-0.15490917101218193
Baltimore,2003-04-30,2.406945,2.447515175852722,-0.040570175852722004
Baltimore,2003-05-03,2.140066,2.2898665878815674,-0.14980058788156753
Baltimore,2003-05-06,2.791165,2.892249998436917,-0.10108499843691736
Baltimore,2003-05-09,2.939162,2.904275057914859,0.03488694208514132
Baltimore,2003-05-15,2.24071,2.34164165520766,-0.10093165520766023
Baltimore,2003-05-18,2.174752,2.2758873076113444,-0.10113530761134441
Baltimore,2003-05-21,2.442347,2.8143885300532747,-0.372041530053275
Baltimore,2003-05-24,1.791759,2.0512163207156653,-0.25945732071566524
Baltimore,2003-05-30,2.879198,2.9261396653223652,-0.04694166532236521
Baltimore,2003-06-05,2.734368,2.779776932413557,-0.0454089324135573
Baltimore,2003-06-08,2.674149,2.7100036525802436,-0.03585465258024354
Baltimore,2003-06-11,3.025291,3.0058841490622776,0.01940685093772265
Baltimore,2003-06-14,2.694627,2.6535688249446685,0.041058175055331644
Baltimore,2003-06-17,1.791759,1.912806584829695,-0.12104758482969483
Baltimore,2003-06-23,2.701361,2.3464065373866965,0.3549544626133036
Baltimore,2003-06-26,4.197202,4.224721501385246,-0.027519501385246038
Baltimore,2003-06-29,3.535145,3.410899297394161,0.12424570260583918
Baltimore,2003-07-02,3.095578,2.9774231363859736,0.11815486361402638
Baltimore,2003-07-05,3.804438,3.8599863311313447,-0.05554833113134448
Baltimore,2003-07-08,2.451005,2.422756635128609,0.028248364871391134
Baltimore,2003-07-11,2.580217,2.566564781925202,0.013652218074798146
Baltimore,2003-07-17,2.451005,2.3790450222295156,0.0719599777704841
Baltimore,2003-07-20,3.202746,3.0955665499397784,0.10717945006022157
Baltimore,2003-07-23,2.778819,2.682517725967746,0.09630127403225353
Baltimore,2003-07-26,3.218876,3.103257321355329,0.11561867864467074
Baltimore,2003-07-29,2.525729,2.3049329827515423,0.22079601724845757
Baltimore,2003-08-04,2.631889,2.632435003297644,-5.460032976440888e-4
Baltimore,2003-08-07,3.321432,3.2766778786630546,0.04475412133694548
Baltimore,2003-08-10,2.572612,2.539435364900377,0.033176635099622966
Baltimore,2003-08-13,3.468856,3.272941138894186,0.19591486110581427
Baltimore,2003-08-16,3.427515,3.2909960296419905,0.13651897035800983
Baltimore,2003-08-19,3.063391,2.9532070252271976,0.11018397477280273
Baltimore,2003-08-22,3.688879,3.5490958839795086,0.1397831160204913
Baltimore,2003-08-28,3.258097,3.1240873803471585,0.1340096196528413
Baltimore,2003-08-31,2.379546,2.228545981637745,0.15100001836225488
Baltimore,2003-09-03,2.564949,2.442114364890434,0.12283463510956608
Baltimore,2003-09-06,2.054124,2.0426361385163587,0.011487861483641249
Baltimore,2003-09-09,1.987874,1.9380866423725767,0.04978735762742336
Baltimore,2003-09-15,2.370244,2.445123245340864,-0.0748792453408636
Baltimore,2003-09-18,1.84055,2.0653790332720106,-0.22482903327201045
Baltimore,2003-09-21,3.086487,2.698102270414558,0.3883847295854423
Baltimore,2003-09-24,2.753661,2.698028054776202,0.05563294522379788
Baltimore,2003-09-27,2.631889,2.533305911289814,0.09858308871018583
Baltimore,2003-09-30,2.197225,2.226570962077175,-0.029345962077175207
Baltimore,2003-10-03,1.824549,2.001638929790653,-0.1770899297906533
Baltimore,2003-10-09,3.38439,2.6977311922227805,0.6866588077772193
Baltimore,2003-10-12,2.197225,2.7610414359885516,-0.5638164359885518
Baltimore,2003-10-15,2.674149,2.69758276094607,-0.02343376094606979
Baltimore,2003-10-18,2.302585,2.697508545307714,-0.3949235453077141
Baltimore,2003-10-21,3.00072,2.697434329669359,0.3032856703306411
Baltimore,2004-07-08,2.778819,2.6973601140310035,0.08145888596899656
Baltimore,2004-07-11,3.7281,3.3428461995358454,0.3852538004641547
Baltimore,2004-07-14,2.917771,2.621576983352624,0.29619401664737627
Baltimore,2004-07-17,3.370738,2.9851708146182996,0.38556718538170004
Baltimore,2004-07-20,2.674149,3.36512658158459,-0.69097758158459
Baltimore,2004-07-23,3.404525,3.3924433818074395,0.012081618192560642
Baltimore,2004-07-29,3.33577,3.156954860774754,0.17881513922524597
Baltimore,2004-08-01,2.091864,1.65649028874922,0.43537371125078006
Baltimore,2004-08-04,3.157,2.2466521286901813,0.9103478713098185
Baltimore,2004-08-07,2.091864,2.6966921732858045,-0.6048281732858042
Baltimore,2004-08-10,3.493473,2.3416118517646485,1.1518611482353516
Baltimore,2004-08-16,3.471966,2.3505578457783596,1.1214081542216403
Baltimore,2004-08-19,3.280911,2.1536676828347785,1.1272433171652214
Baltimore,2004-08-22,2.406945,2.696395310732383,-0.2894503107323829
Baltimore,2004-08-25,3.411148,2.6963210950940275,0.7148269049059723
Baltimore,2004-09-21,2.302585,2.2575066686961573,0.0450783313038429
Baltimore,2004-09-27,3.00072,2.9883811940262874,0.012338805973712267
Baltimore,2004-09-30,2.809403,2.7255410231356625,0.08386197686433751
Baltimore,2004-10-03,2.415914,2.308465233258077,0.10744876674192304
Baltimore,2004-10-06,2.282382,2.3131174805188834,-0.03073548051888311
Baltimore,2004-10-09,3.299534,3.416737019726364,-0.11720301972636384
Baltimore,2004-10-12,2.014903,2.6958015856255395,-0.6808985856255394
Baltimore,2004-10-15,2.549445,2.46854267618559,0.08090232381441007
Baltimore,2004-10-21,2.442347,2.4949832246069232,-0.05263622460692353
Baltimore,2004-10-24,2.572612,2.665211897969442,-0.09259989796944226
Baltimore,2004-10-27,2.509599,2.555278514417781,-0.045679514417780884
Baltimore,2004-10-30,3.453157,3.443887370553846,0.009269629446154198
Baltimore,2004-11-02,2.572612,2.6059696437930757,-0.03335764379307594
Baltimore,2004-11-08,1.589235,2.1045032539993125,-0.5152682539993123
Baltimore,2004-11-11,2.694627,2.6788926708061997,0.015734329193800422
Baltimore,2004-11-14,2.091864,2.1212910141768555,-0.029427014176855282
Baltimore,2004-11-17,3.039749,2.964439438419051,0.07530956158094919
Baltimore,2004-11-20,3.462606,3.0867880325243404,0.3758179674756595
Baltimore,2004-11-23,3.299534,3.1261790654297914,0.17335493457020865
Baltimore,2004-11-26,2.04122,2.1297116876508264,-0.08849168765082659
Baltimore,2004-12-02,2.388763,2.3431376440507288,0.04562535594927101
Baltimore,2004-12-05,3.126761,3.0560929147230453,0.07066808527695471
Baltimore,2004-12-08,2.04122,2.194894396428363,-0.15367439642836325
Baltimore,2004-12-11,2.014903,2.10467557326706,-0.08977257326705987
Baltimore,2004-12-14,1.589235,1.840246589507835,-0.2510115895078352
Baltimore,2004-12-20,1.808289,1.9324611427658378,-0.12417214276583788
Baltimore,2004-12-29,3.234749,3.2939236875352416,-0.059174687535241625
Baltimore,2005-01-01,3.688879,4.170719249131882,-0.48184024913188256
Baltimore,2005-01-04,2.944439,2.9237988009262814,0.020640199073718755
Baltimore,2005-01-10,2.674149,2.9424377566991375,-0.2682887566991378
Baltimore,2005-01-13,2.459589,2.374475918856442,0.0851130811435577
Baltimore,2005-01-16,2.406945,2.4499892091871116,-0.043044209187111916
Baltimore,2005-01-19,2.785011,2.5185164080607323,0.26649459193926767
Baltimore,2005-01-22,2.995732,2.5717827267235105,0.4239492732764893
Baltimore,2005-01-25,3.005683,2.7677172765928106,0.23796572340718913
Baltimore,2005-01-28,2.525729,2.388315560396408,0.13741343960359215
Baltimore,2005-02-03,2.674149,3.2031640563422075,-0.5290150563422075
Baltimore,2005-02-06,3.173878,3.065881868283899,0.10799613171610113
Baltimore,2005-02-09,3.465736,3.6218404077272877,-0.15610440772728731
Baltimore,2005-02-12,2.694627,2.6862051401823197,0.008421859817680288
Baltimore,2005-02-15,3.00072,2.957985150870613,0.04273484912938665
Baltimore,2005-02-21,3.363842,3.2558233736929063,0.10801862630709384
Baltimore,2005-02-24,2.674149,2.2972962913792796,0.3768527086207201
Baltimore,2005-02-27,2.415914,2.3505411451002134,0.06537285489978636
Baltimore,2005-03-02,1.871802,2.0889652877782927,-0.21716328777829286
Baltimore,2005-03-05,3.288402,2.9530406102262634,0.33536138977373675
Baltimore,2005-03-08,2.091864,2.2340221348977893,-0.14215813489778906
Baltimore,2005-03-11,2.844909,2.629226083392409,0.21568291660759073
Baltimore,2005-03-17,3.104587,3.0119780259182796,0.09260897408172031
Baltimore,2005-03-20,3.508556,3.286429541483304,0.2221264585166958
Baltimore,2005-03-23,2.839078,2.652354853418266,0.1867231465817342
Baltimore,2005-03-26,2.939162,2.8246778554587983,0.11448414454120162
Baltimore,2005-03-29,2.674149,1.9799324571551409,0.694216542844859
Baltimore,2005-04-04,1.704748,1.9687098463178565,-0.2639618463178565
Baltimore,2005-04-07,2.674149,2.7972876819865258,-0.12313868198652607
Baltimore,2005-04-10,2.564949,2.5295580867646583,0.03539091323534163
Baltimore,2005-04-13,2.091864,2.2551614793617767,-0.16329747936177633
Baltimore,2005-04-16,2.091864,2.220104392032955,-0.128240392032955
Baltimore,2005-04-19,3.404525,3.6205836691444344,-0.21605866914443425
Baltimore,2005-04-22,2.116256,2.020747729268169,0.09550827073183096
Baltimore,2005-04-28,2.054124,2.6917939411543466,-0.6376699411543466
Baltimore,2005-05-01,2.772589,2.7965701002555443,-0.023981100255544553
Baltimore,2005-05-04,2.772589,2.847396448386524,-0.07480744838652412
Baltimore,2005-05-07,2.791165,2.9179891173360657,-0.1268241173360656
Baltimore,2005-05-10,1.94591,2.1553360670286135,-0.20942606702861327
Baltimore,2005-05-16,2.509599,2.621538320700036,-0.11193932070003605
Baltimore,2005-05-19,2.933857,2.912610410639575,0.02124658936042498
Baltimore,2005-05-22,2.116256,2.833302653863632,-0.7170466538636321
Baltimore,2005-05-25,1.686399,1.8779320198903142,-0.1915330198903142
Baltimore,2005-05-28,2.687847,2.5293392276024544,0.15850777239754554
Baltimore,2005-06-03,2.674149,1.8696125086917603,0.8045364913082397
Baltimore,2005-06-09,3.144152,2.946192968006199,0.19795903199380088
Baltimore,2005-06-12,2.674149,2.5487771133432835,0.12537188665671645
Baltimore,2005-06-15,2.687847,2.6113711267917186,0.0764758732082817
Baltimore,2005-06-18,2.406945,2.3945106314062254,0.01243436859377465
Baltimore,2005-06-21,3.08191,3.121346319776057,-0.039436319776057216
Baltimore,2005-06-27,1.916923,1.944199671290633,-0.027276671290633266
Baltimore,2005-06-30,3.234749,3.214581009613623,0.020167990386376906
Baltimore,2005-07-03,2.667228,2.651266750572812,0.01596124942718823
Baltimore,2005-07-06,3.182212,3.103105217215308,0.07910678278469181
Baltimore,2005-07-09,2.867899,2.893441786255755,-0.02554278625575474
Baltimore,2005-07-12,2.674149,3.747577176975221,-1.0734281769752212
Baltimore,2005-07-15,2.766319,2.690161197110527,0.07615780288947341
Baltimore,2005-07-21,3.586293,3.4082860018235133,0.1780069981764867
Baltimore,2005-07-24,2.533697,2.2702245101767167,0.26347248982328353
Baltimore,2005-07-27,3.440418,3.259013119904318,0.18140488009568217
Baltimore,2005-07-30,2.821379,2.7312250703068455,0.09015392969315425
Baltimore,2005-08-02,3.091042,3.1214050583107387,-0.03036305831073901
Baltimore,2005-08-08,2.912351,2.915549744289646,-0.003198744289645703
Baltimore,2005-08-11,3.616309,3.638157246654375,-0.021848246654374414
Baltimore,2005-08-14,3.790985,3.6029828014879457,0.18800219851205427
Baltimore,2005-08-17,2.714695,2.784311117213074,-0.06961611721307415
Baltimore,2005-08-20,3.246491,3.2592235949821426,-0.012732594982142633
Baltimore,2005-08-23,2.587764,2.5820950289248734,0.005668971075126499
Baltimore,2005-08-26,2.839078,2.7743709954656235,0.06470700453437672
Baltimore,2005-09-01,2.766319,2.730395076527417,0.0359239234725833
Baltimore,2005-09-04,2.186051,2.2060936235861845,-0.02004262358618439
Baltimore,2005-09-07,2.219203,2.2375066768519676,-0.018303676851967703
Baltimore,2005-09-10,3.152736,3.1307187835245522,0.022017216475447576
Baltimore,2005-09-13,3.104587,3.2711906256632397,-0.16660362566323955
Baltimore,2005-09-19,3.261935,3.2293563811565713,0.03257861884342842
Baltimore,2005-09-22,3.242592,3.4112844913521037,-0.16869249135210346
Baltimore,2005-09-25,1.974081,1.9169723896510407,0.05710861034895927
Baltimore,2005-09-28,1.791759,1.9888518362109613,-0.19709283621096108
Baltimore,2005-10-01,2.653242,2.67261459466853,-0.01937259466852974
Baltimore,2005-10-04,2.484907,2.517791831485816,-0.03288483148581573
Baltimore,2005-10-07,1.504077,1.783563688847506,-0.2794866888475058
Baltimore,2005-10-13,1.280934,1.6774460059239857,-0.39651200592398567
Baltimore,2005-10-16,1.774952,1.9280483905791868,-0.15309639057918664
Baltimore,2005-10-19,2.809403,2.940783118436193,-0.13138011843619274
Baltimore,2005-10-22,1.360977,1.803031511494768,-0.4420545114947679
Baltimore,2005-10-25,1.098612,1.6073181486235564,-0.5087061486235566
Baltimore,2005-10-31,3.058707,3.0780853008328752,-0.019378300832875308
Baltimore,2005-11-03,2.747271,2.8134407851819465,-0.066169785181946425
Baltimore,2005-11-06,3.363842,3.317322087412311,0.046519912587689075
Baltimore,2005-11-09,3.202746,3.113929408489496,0.08881659151050376
Baltimore,2005-11-12,3.072693,2.908067815941045,0.1646251840589552
Baltimore,2005-11-15,2.302585,2.382593796095317,-0.08000879609531727
Baltimore,2005-11-21,3.597312,3.479583910815597,0.11772808918440295
Baltimore,2005-11-27,2.74084,2.5358971683041687,0.20494283169583108
Baltimore,2005-11-30,2.208274,2.3150775926627225,-0.10680359266272287
Baltimore,2005-12-03,2.302585,2.3302055439633063,-0.027620543963305964
Baltimore,2005-12-06,3.091042,2.9912979706891853,0.0997440293108145
Baltimore,2005-12-09,2.60269,2.5959244234851466,0.00676557651485323
Baltimore,2005-12-15,2.681022,2.5891101005430732,0.09191189945692667
Baltimore,2005-12-18,3.356897,2.9103265598366597,0.4465704401633403
Baltimore,2005-12-21,2.95491,2.4822622346881804,0.47264776531181935
Baltimore,2005-12-24,3.671225,3.1414416966629592,0.529783303337041
Baltimore,2005-12-28,3.015535,2.572539249732107,0.442995750267893
Baltimore,2006-01-02,3.034953,2.2923616952533976,0.7425913047466021
Baltimore,2006-01-05,2.442347,2.17286530869337,0.2694816913066301
Baltimore,2006-01-08,2.687847,2.2823189176671463,0.40552808233285376
Baltimore,2006-01-11,3.394508,2.80439788421148,0.5901101157885205
Baltimore,2006-01-17,2.282382,2.126302249111625,0.1560797508883751
Baltimore,2006-01-23,2.251292,2.0662530385651885,0.18503896143481136
Baltimore,2006-01-26,1.280934,1.9517678778856729,-0.670833877885673
Baltimore,2006-01-29,3.194583,3.0519606066586555,0.14262239334134444
Baltimore,2006-02-01,2.617396,2.7426822048546513,-0.12528620485465145
Baltimore,2006-02-04,2.564949,2.5705576000724073,-0.005608600072407309
Baltimore,2006-02-07,2.341806,2.40766146969898,-0.06585546969898018
Baltimore,2006-02-10,2.624669,2.6173275407504746,0.007341459249525532
Baltimore,2006-02-16,3.3428619999999998,3.2405776884720665,0.10228431152793309
Baltimore,2006-02-19,2.140066,2.2497429655882133,-0.10967696558821317
Baltimore,2006-02-22,3.214868,3.186558807561164,0.028309192438836287
Baltimore,2006-02-25,2.272126,2.4310728909379744,-0.15894689093797432
Baltimore,2006-02-28,2.186051,2.255062043590544,-0.0690110435905441
Baltimore,2006-03-06,2.219203,2.325062761753415,-0.10585976175341524
Baltimore,2006-03-09,2.884801,2.914957662957379,-0.03015666295737909
Baltimore,2006-03-12,3.109061,3.0981870580764994,0.01087394192350081
Baltimore,2006-03-15,1.902108,2.1175539877863128,-0.21544598778631266
Baltimore,2006-03-18,1.757858,2.0975490268883576,-0.33969102688835784
Baltimore,2006-03-21,2.091864,2.2637550498482955,-0.17189104984829523
Baltimore,2006-03-24,2.595255,2.731723044806782,-0.1364680448067823
Baltimore,2006-03-30,3.277145,3.4677476411538035,-0.19060264115380365
Baltimore,2006-04-02,2.312535,2.5568890972412,-0.24435409724120008
Baltimore,2006-04-05,1.824549,2.032622408910329,-0.20807340891032897
Baltimore,2006-04-08,2.00148,2.11353494582029,-0.11205494582028998
Baltimore,2006-04-11,2.674149,2.808047740937578,-0.13389874093757834
Baltimore,2006-04-17,1.960095,2.0805451499181253,-0.12045014991812547
Baltimore,2006-04-20,2.066863,2.130760336939076,-0.06389733693907619
Baltimore,2006-04-23,2.517696,2.5498672396694704,-0.03217123966947025
Baltimore,2006-04-26,1.704748,2.684298161680448,-0.9795501616804484
Baltimore,2006-04-29,1.808289,2.0372200275421184,-0.22893102754211836
Baltimore,2006-05-02,2.484907,2.6540174338070073,-0.1691104338070072
Baltimore,2006-05-05,3.010621,3.0877103049808694,-0.07708930498086959
Baltimore,2006-05-11,2.424803,2.319951316872732,0.10485168312726781
Baltimore,2006-05-14,2.493205,2.683927083488671,-0.19072208348867076
Baltimore,2006-05-17,2.653242,2.705389794969026,-0.05214779496902567
Baltimore,2006-05-20,2.415914,2.4384358969711357,-0.022521896971135637
Baltimore,2006-05-23,1.791759,1.9581198029852294,-0.1663608029852293
Baltimore,2006-05-29,3.346389,3.3888666902977933,-0.04247769029779344
Baltimore,2006-06-01,2.674149,3.118909392543289,-0.44476039254328886
Baltimore,2006-06-04,1.902108,2.0076521887344074,-0.10554418873440753
Baltimore,2006-06-07,2.557227,2.501877570312632,0.05534942968736808
Baltimore,2006-06-10,2.104134,2.199089911363107,-0.0949559113631068
Baltimore,2006-06-13,2.572612,2.584163300245092,-0.011551300245092046
Baltimore,2006-06-16,2.60269,2.5816592170059227,0.021030782994077027
Baltimore,2006-06-22,3.246491,3.182326706215348,0.06416429378465148
Baltimore,2006-06-25,1.547563,1.8015543266553586,-0.25399132665535856
Baltimore,2006-06-28,2.4681,1.8286923843671326,0.6394076156328677
Baltimore,2006-07-01,3.374169,3.3903060197003363,-0.016137019700336132
Baltimore,2006-07-04,3.543854,3.4752928703269736,0.0685611296730264
Baltimore,2006-07-10,3.440418,3.2038197586898933,0.23659824131010698
Baltimore,2006-07-13,3.169686,2.9488149234097722,0.2208710765902276
Baltimore,2006-07-16,2.714695,2.4996118066667874,0.21508319333321263
Baltimore,2006-07-19,3.148453,2.8776923980575506,0.2707606019424495
Baltimore,2006-07-22,2.970414,2.6999745287027945,0.27043947129720525
Baltimore,2006-07-25,2.76001,2.6367868600573985,0.12322313994260119
Baltimore,2006-07-28,2.862201,2.7566268096253213,0.10557419037467894
Baltimore,2006-08-03,3.616309,3.5363244915506664,0.07998450844933382
Baltimore,2006-08-06,2.928524,2.70882553136765,0.21969846863235015
Baltimore,2006-08-09,2.517696,2.403650476524672,0.11404552347532801
Baltimore,2006-08-12,1.94591,1.8682491057276809,0.07766089427231922
Baltimore,2006-08-15,3.091042,3.0468936429180804,0.04414835708191955
Baltimore,2006-08-21,2.197225,2.306302323934382,-0.10907732393438223
Baltimore,2006-08-24,3.194583,3.077454443087519,0.1171285569124812
Baltimore,2006-08-27,2.933857,2.8558328774953363,0.07802412250466399
Baltimore,2006-08-30,2.24071,2.3081872473963307,-0.06747724739633071
Baltimore,2006-09-02,1.163151,1.6597328252679124,-0.49658182526791245
Baltimore,2006-09-05,2.397895,2.681477967422942,-0.28358296742294176
Baltimore,2006-09-08,3.493473,3.5209523321379126,-0.02747933213791266
Baltimore,2006-09-14,2.04122,2.128625395123261,-0.08740539512326122
Baltimore,2006-09-17,2.476538,2.554399465129071,-0.0778614651290708
Baltimore,2006-09-20,2.197225,2.2885489686692004,-0.09132396866920027
Baltimore,2006-09-23,2.674149,3.0316660171529093,-0.3575170171529095
Baltimore,2006-09-26,2.587764,2.642890213517516,-0.05512621351751619
Baltimore,2006-10-02,2.681022,2.672822442332257,0.008199557667743025
Baltimore,2006-10-05,1.931521,2.0465485886906705,-0.11502758869067051
Baltimore,2006-10-08,2.292535,2.1907340489829674,0.10180095101703272
Baltimore,2006-10-11,2.923162,2.8085537126507067,0.11460828734929346
Baltimore,2006-10-14,2.174752,2.241642963319414,-0.06689096331941456
Baltimore,2006-10-17,2.219203,2.1906322684169797,0.028570731583020013
Baltimore,2006-10-20,2.406945,2.367846977974784,0.0390980220252158
Baltimore,2006-10-26,2.433613,2.4517011534729347,-0.01808815347293487
Baltimore,2006-10-29,2.00148,2.082969184081435,-0.08148918408143506
Baltimore,2006-11-01,2.917771,2.901905648744032,0.015865351255968226
Baltimore,2006-11-04,2.74084,2.652136571038724,0.08870342896127589
Baltimore,2006-11-07,2.944439,2.6729684082594405,0.2714705917405596
Baltimore,2006-11-10,3.169686,3.29967564740407,-0.12998964740407024
Baltimore,2006-11-16,2.208274,2.145218248393512,0.06305575160648796
Baltimore,2006-11-19,2.60269,2.5812881396399296,0.021401860360070517
Baltimore,2006-11-25,2.766319,2.7390456002579526,0.027273399742047684
Baltimore,2006-11-28,3.552487,3.7634136826675,-0.21092668266750011
Baltimore,2006-12-04,2.564949,2.4503503949599907,0.11459860504000914
Baltimore,2006-12-07,2.484907,2.5592599412761667,-0.07435294127616665
Baltimore,2006-12-10,2.917771,2.8976392131557542,0.02013178684424607
Baltimore,2006-12-13,2.901422,2.9357574443846657,-0.03433544438466556
Baltimore,2006-12-16,2.646175,2.7201087778140196,-0.07393377781401969
Baltimore,2006-12-19,2.151762,2.160731774527678,-0.008969774527678005
Baltimore,2006-12-22,2.960105,2.6792514982722793,0.28085350172772094
Baltimore,2006-12-25,2.791165,2.6401663460688054,0.1509986539311943
Baltimore,2006-12-28,2.960105,2.679103066995568,0.2810019330044319
Baltimore,2006-12-31,2.76001,2.596953342910379,0.1630566570896212
Baltimore,2007-01-03,3.015535,2.959862105254835,0.055672894745165215
Baltimore,2007-01-06,1.856298,2.0964093225871387,-0.24011132258713874
Baltimore,2007-01-09,2.674149,2.055487622241968,0.6186613777580319
Baltimore,2007-01-12,2.587764,2.678731988803791,-0.090967988803791
Baltimore,2007-01-18,2.766319,2.708078277770274,0.058240722229726524
Baltimore,2007-01-21,2.442347,2.323598360221207,0.11874863977879273
Baltimore,2007-01-24,2.890372,3.0499408121925287,-0.1595688121925283
Baltimore,2007-01-27,3.034953,2.864196343546325,0.17075665645367508
Baltimore,2007-01-30,2.424803,2.3842811579924152,0.040521842007584366
Baltimore,2007-02-05,1.931521,1.9846520006486643,-0.05313100064866432
Baltimore,2007-02-08,2.674149,2.235978962911732,0.4381700370882678
Baltimore,2007-02-11,3.058707,2.9332895972304502,0.12541740276954996
Baltimore,2007-02-14,2.674149,2.678064048058592,-0.003915048058592238
Baltimore,2007-02-17,2.687847,2.746697809066721,-0.058850809066720834
Baltimore,2007-02-23,1.686399,1.8967486750352522,-0.2103496750352523
Baltimore,2007-03-01,3.33577,3.247536001032467,0.08823399896753295
Baltimore,2007-03-04,1.84055,2.058381522013283,-0.2178315220132831
Baltimore,2007-03-07,2.572612,2.455386315682628,0.11722568431737188
Baltimore,2007-03-10,2.70805,2.6393802042933543,0.06866979570664576
Baltimore,2007-03-13,2.879198,3.000735226573181,-0.12153722657318052
Baltimore,2007-03-19,2.557227,2.640460559559489,-0.08323355955948894
Baltimore,2007-03-22,2.61007,2.761094661806572,-0.15102466180657234
Baltimore,2007-03-25,2.424803,2.3483500991396773,0.07645290086032254
Baltimore,2007-03-28,2.079442,2.2161619527866776,-0.136719952786678
Baltimore,2007-03-31,2.091864,2.151441699417435,-0.059577699417434515
Baltimore,2007-04-03,2.99072,2.9397784250443677,0.05094157495563246
Baltimore,2007-04-06,2.104134,2.2752509239951713,-0.17111692399517095
Baltimore,2007-04-12,2.674149,2.2011851797547433,0.47296382024525646
Baltimore,2007-04-15,1.774952,1.8841229383231073,-0.1091709383231071
Baltimore,2007-04-18,1.88707,2.102486713096495,-0.21541671309649518
Baltimore,2007-04-21,2.533697,2.6054340847920407,-0.07173708479204087
Baltimore,2007-04-24,2.839078,2.676653950929839,0.16242404907016128
Baltimore,2007-04-30,2.533697,2.469997085329331,0.06369991467066909
Baltimore,2007-05-03,1.856298,2.0464041454760986,-0.1901061454760986
Baltimore,2007-05-06,1.568616,2.6764313040147725,-1.1078153040147725
Baltimore,2007-05-09,1.791759,2.0312930398776063,-0.2395340398776064
Baltimore,2007-05-12,2.727853,2.718514184898411,0.009338815101589055
Baltimore,2007-05-15,2.873565,2.8371271654221895,0.03643783457781061
Baltimore,2007-05-18,2.219203,2.029911811907257,0.1892911880927431
Baltimore,2007-05-24,2.351375,2.4635424444942213,-0.11216744449422152
Baltimore,2007-05-27,3.356897,3.383530577029476,-0.026633577029476115
Baltimore,2007-05-30,3.11795,3.168522704264997,-0.05057270426499697
Baltimore,2007-06-02,2.912351,2.8438506020861327,0.06850039791386725
Baltimore,2007-06-05,2.564949,2.635798099763449,-0.07084909976344893
Baltimore,2007-06-11,2.960105,2.976720707422137,-0.016615707422136992
Baltimore,2007-06-14,1.94591,2.1458149909915307,-0.1999049909915306
Baltimore,2007-06-17,3.025291,2.9860843883439556,0.039206611656044346
Baltimore,2007-06-20,2.778819,2.62390911790515,0.15490988209485013
Baltimore,2007-06-23,2.174752,2.1632438475009486,0.011508152499051271
Baltimore,2007-06-26,3.487375,3.3008895267432994,0.18648547325670062
Baltimore,2007-06-29,2.70805,2.7130708100814447,-0.005020810081444678
Baltimore,2007-07-05,3.246491,3.1108393750676906,0.1356516249323094
